Workbook

Sheet Sheet1
A1: 수질TMS정도검사 시트 | R1: v 9.0 청정수소인증센터 (2025.02.18)
D3: 총유기탄소 | G3: 총질소 | K3: 총인 | O3: 부유물질 | S3: 수소이온농도 | Y3: 용존산소 | AE3: 화학적산소요구량
A7: O Test Condition
A8: 측정범위 | D8: 0 | E8: ~ | G8: 0 | H8: ~ | K8: 0 | L8: ~ | O8: 0 | P8: ~ | S8: pH0 ~ pH14 | Y8: 0 ~ 20 | AE8: 0 | AF8: ~
Y9: 수질오염공정시험기준 표2. 용존산소포화량
Y10: 25 ℃ Span | Z10: 8.263 | AA10: 20℃ Span | AB10: 9.092 | AC10: 30℃ Span | AD10: 7.559
A11: O DATA Sheet
A12: 직선성 | C12: M1 | G12: M1 | K12: M1 | O12: M1 | S12: 반복성 | T12: 7 | Y12: 반복성 | Z12: S | AE12: M1
C13: M2 | G13: M2 | K13: M2 | O13: M2 | T13: 4 | AE13: M2
C14: M3 | G14: M3 | K14: M3 | O14: M3 | T14: 7 | Z14: S | AE14: M3
A15: 드리프트 | B15: 시험 초기 | C15: Z1 | G15: Z1 | K15: Z1 | O15: Z1 | T15: 4 | AE15: Z1
C16: Z2 | G16: Z2 | K16: Z2 | O16: Z2 | T16: 7 | Z16: S | AE16: Z2
C17: S1 | G17: S1 | K17: S1 | O17: S1 | T17: 4 | AE17: S1
C18: S2 | G18: S2 | K18: S2 | O18: S2 | S18: 드리프트 (초기) | T18: 4 | V18: 드리프트 (2시간 이후) | W18: 4 | Y18: 드리프트 (초기) | Z18: Z | AB18: 드리프트 (2시간 이후) | AC18: Z | AE18: S2
B19: Z(4hr) | T19: 4 | W19: 4 | Z19: Z | AC19: Z | AE19: Z(4hr)
B20: 4시간 이후 | C20: Z3 | G20: Z3 | K20: Z3 | O20: Z3 | T20: 4 | W20: 4 | Z20: Z | AC20: Z | AE20: Z3
C21: Z4 | G21: Z4 | K21: Z4 | O21: Z4 | T21: 7 | W21: 7 | Z21: S | AC21: S | AE21: Z4
C22: S3 | G22: S3 | K22: S3 | O22: S3 | T22: 7 | W22: 7 | Z22: S | AC22: S | AE22: S3
C23: S4 | G23: S4 | K23: S4 | O23: S4 | T23: 7 | W23: 7 | Z23: S | AC23: S | AE23: S4
B24: 응답시간 | S24: 직선성
A25: 반복성 | C25: Z5 | G25: Z5 | K25: Z5 | O25: Z5 | S25: 4 | U25: 7 | W25: 10 | AE25: Z5
C26: S5 | G26: S5 | K26: S5 | O26: S5 | S26: 4 | U26: 7 | W26: 10 | AE26: S5
C27: Z | D27: =IFERROR(IF(MAX(STDEV(D15,D20,D25),STDEV(D16,D21,D25),STDEV(D15,D21,D25),STDEV(D16,D20,D25))=(STDEV(D15,D20,D25)),D15,IF(MAX(STDEV(D15,D20,D25),STDEV(D16,D21,D25),STDEV(D15,D21,D25),STDEV(D16,D20,D25))=(STDEV(D15,D21,D25)),D15,IF(MAX(STDEV(D15,D20,D25),STDEV(D16,D21,D25),STDEV(D15,D21,D25),STDEV(D16,D20,D25))=(STDEV(D16,D21,D25)),D16,IF(MAX(STDEV(D15,D20,D25),STDEV(D16,D21,D25),STDEV(D15,D21,D25),STDEV(D16,D20,D25))=(STDEV(D16,D20,D25)),D16)))),"") | G27: Z | H27: =IFERROR(IF(MAX(STDEV(H15,H20,H25),STDEV(H16,H21,H25),STDEV(H15,H21,H25),STDEV(H16,H20,H25))=(STDEV(H15,H20,H25)),H15,IF(MAX(STDEV(H15,H20,H25),STDEV(H16,H21,H25),STDEV(H15,H21,H25),STDEV(H16,H20,H25))=(STDEV(H15,H21,H25)),H15,IF(MAX(STDEV(H15,H20,H25),STDEV(H16,H21,H25),STDEV(H15,H21,H25),STDEV(H16,H20,H25))=(STDEV(H16,H21,H25)),H16,IF(MAX(STDEV(H15,H20,H25),STDEV(H16,H21,H25),STDEV(H15,H21,H25),STDEV(H16,H20,H25))=(STDEV(H16,H20,H25)),H16)))),"") | K27: Z | L27: =IFERROR(IF(MAX(STDEV(L15,L20,L25),STDEV(L16,L21,L25),STDEV(L15,L21,L25),STDEV(L16,L20,L25))=(STDEV(L15,L20,L25)),L15,IF(MAX(STDEV(L15,L20,L25),STDEV(L16,L21,L25),STDEV(L15,L21,L25),STDEV(L16,L20,L25))=(STDEV(L15,L21,L25)),L15,IF(MAX(STDEV(L15,L20,L25),STDEV(L16,L21,L25),STDEV(L15,L21,L25),STDEV(L16,L20,L25))=(STDEV(L16,L21,L25)),L16,IF(MAX(STDEV(L15,L20,L25),STDEV(L16,L21,L25),STDEV(L15,L21,L25),STDEV(L16,L20,L25))=(STDEV(L16,L20,L25)),L16)))),"") | O27: Z | P27: =IFERROR(IF(MAX(STDEV(P15,P20,P25),STDEV(P16,P21,P25),STDEV(P15,P21,P25),STDEV(P16,P20,P25))=(STDEV(P15,P20,P25)),P15,IF(MAX(STDEV(P15,P20,P25),STDEV(P16,P21,P25),STDEV(P15,P21,P25),STDEV(P16,P20,P25))=(STDEV(P15,P21,P25)),P15,IF(MAX(STDEV(P15,P20,P25),STDEV(P16,P21,P25),STDEV(P15,P21,P25),STDEV(P16,P20,P25))=(STDEV(P16,P21,P25)),P16,IF(MAX(STDEV(P15,P20,P25),STDEV(P16,P21,P25),STDEV(P15,P21,P25),STDEV(P16,P20,P25))=(STDEV(P16,P20,P25)),P16)))),"") | S27: 4 | U27: 7 | W27: 10 | AE27: Z | AF27: =IFERROR(IF(MAX(STDEV(AF15,AF20,AF25),STDEV(AF16,AF21,AF25),STDEV(AF15,AF21,AF25),STDEV(AF16,AF20,AF25))=(STDEV(AF15,AF20,AF25)),AF15,IF(MAX(STDEV(AF15,AF20,AF25),STDEV(AF16,AF21,AF25),STDEV(AF15,AF21,AF25),STDEV(AF16,AF20,AF25))=(STDEV(AF15,AF21,AF25)),AF15,IF(MAX(STDEV(AF15,AF20,AF25),STDEV(AF16,AF21,AF25),STDEV(AF15,AF21,AF25),STDEV(AF16,AF20,AF25))=(STDEV(AF16,AF21,AF25)),AF16,IF(MAX(STDEV(AF15,AF20,AF25),STDEV(AF16,AF21,AF25),STDEV(AF15,AF21,AF25),STDEV(AF16,AF20,AF25))=(STDEV(AF16,AF20,AF25)),AF16)))),"")
C28: S | D28: =IFERROR(IF(MAX(STDEV(D17,D22,D26),STDEV(D18,D23,D26),STDEV(D17,D23,D26),STDEV(D18,D22,D26))=(STDEV(D17,D22,D26)),D17,IF(MAX(STDEV(D17,D22,D26),STDEV(D18,D23,D26),STDEV(D17,D23,D26),STDEV(D18,D22,D26))=(STDEV(D17,D23,D26)),D17,IF(MAX(STDEV(D17,D22,D26),STDEV(D18,D23,D26),STDEV(D17,D23,D26),STDEV(D18,D22,D26))=(STDEV(D18,D23,D26)),D18,IF(MAX(STDEV(D17,D22,D26),STDEV(D18,D23,D26),STDEV(D17,D23,D26),STDEV(D18,D22,D26))=(STDEV(D18,D22,D26)),D18)))),"") | G28: S | H28: =IFERROR(IF(MAX(STDEV(H17,H22,H26),STDEV(H18,H23,H26),STDEV(H17,H23,H26),STDEV(H18,H22,H26))=(STDEV(H17,H22,H26)),H17,IF(MAX(STDEV(H17,H22,H26),STDEV(H18,H23,H26),STDEV(H17,H23,H26),STDEV(H18,H22,H26))=(STDEV(H17,H23,H26)),H17,IF(MAX(STDEV(H17,H22,H26),STDEV(H18,H23,H26),STDEV(H17,H23,H26),STDEV(H18,H22,H26))=(STDEV(H18,H23,H26)),H18,IF(MAX(STDEV(H17,H22,H26),STDEV(H18,H23,H26),STDEV(H17,H23,H26),STDEV(H18,H22,H26))=(STDEV(H18,H22,H26)),H18)))),"") | K28: S | L28: =IFERROR(IF(MAX(STDEV(L17,L22,L26),STDEV(L18,L23,L26),STDEV(L17,L23,L26),STDEV(L18,L22,L26))=(STDEV(L17,L22,L26)),L17,IF(MAX(STDEV(L17,L22,L26),STDEV(L18,L23,L26),STDEV(L17,L23,L26),STDEV(L18,L22,L26))=(STDEV(L17,L23,L26)),L17,IF(MAX(STDEV(L17,L22,L26),STDEV(L18,L23,L26),STDEV(L17,L23,L26),STDEV(L18,L22,L26))=(STDEV(L18,L23,L26)),L18,IF(MAX(STDEV(L17,L22,L26),STDEV(L18,L23,L26),STDEV(L17,L23,L26),STDEV(L18,L22,L26))=(STDEV(L18,L22,L26)),L18)))),"") | O28: S | P28: =IFERROR(IF(MAX(STDEV(P17,P22,P26),STDEV(P18,P23,P26),STDEV(P17,P23,P26),STDEV(P18,P22,P26))=(STDEV(P17,P22,P26)),P17,IF(MAX(STDEV(P17,P22,P26),STDEV(P18,P23,P26),STDEV(P17,P23,P26),STDEV(P18,P22,P26))=(STDEV(P17,P23,P26)),P17,IF(MAX(STDEV(P17,P22,P26),STDEV(P18,P23,P26),STDEV(P17,P23,P26),STDEV(P18,P22,P26))=(STDEV(P18,P23,P26)),P18,IF(MAX(STDEV(P17,P22,P26),STDEV(P18,P23,P26),STDEV(P17,P23,P26),STDEV(P18,P22,P26))=(STDEV(P18,P22,P26)),P18)))),"") | S28: 온도보상시험 (4.00) | T28: 10℃ | V28: 25℃ | AE28: S | AF28: =IFERROR(IF(MAX(STDEV(AF17,AF22,AF26),STDEV(AF18,AF23,AF26),STDEV(AF17,AF23,AF26),STDEV(AF18,AF22,AF26))=(STDEV(AF17,AF22,AF26)),AF17,IF(MAX(STDEV(AF17,AF22,AF26),STDEV(AF18,AF23,AF26),STDEV(AF17,AF23,AF26),STDEV(AF18,AF22,AF26))=(STDEV(AF17,AF23,AF26)),AF17,IF(MAX(STDEV(AF17,AF22,AF26),STDEV(AF18,AF23,AF26),STDEV(AF17,AF23,AF26),STDEV(AF18,AF22,AF26))=(STDEV(AF18,AF23,AF26)),AF18,IF(MAX(STDEV(AF17,AF22,AF26),STDEV(AF18,AF23,AF26),STDEV(AF17,AF23,AF26),STDEV(AF18,AF22,AF26))=(STDEV(AF18,AF22,AF26)),AF18)))),"")
C29: Z | D29: =IFERROR(IF(MAX(STDEV(D15,D20,D25),STDEV(D16,D21,D25),STDEV(D15,D21,D25),STDEV(D16,D20,D25))=(STDEV(D15,D20,D25)),D20,IF(MAX(STDEV(D15,D20,D25),STDEV(D16,D21,D25),STDEV(D15,D21,D25),STDEV(D16,D20,D25))=(STDEV(D15,D21,D25)),D21,IF(MAX(STDEV(D15,D20,D25),STDEV(D16,D21,D25),STDEV(D15,D21,D25),STDEV(D16,D20,D25))=(STDEV(D16,D21,D25)),D21,IF(MAX(STDEV(D15,D20,D25),STDEV(D16,D21,D25),STDEV(D15,D21,D25),STDEV(D16,D20,D25))=(STDEV(D16,D20,D25)),D20)))),"") | G29: Z | H29: =IFERROR(IF(MAX(STDEV(H15,H20,H25),STDEV(H16,H21,H25),STDEV(H15,H21,H25),STDEV(H16,H20,H25))=(STDEV(H15,H20,H25)),H20,IF(MAX(STDEV(H15,H20,H25),STDEV(H16,H21,H25),STDEV(H15,H21,H25),STDEV(H16,H20,H25))=(STDEV(H15,H21,H25)),H21,IF(MAX(STDEV(H15,H20,H25),STDEV(H16,H21,H25),STDEV(H15,H21,H25),STDEV(H16,H20,H25))=(STDEV(H16,H21,H25)),H21,IF(MAX(STDEV(H15,H20,H25),STDEV(H16,H21,H25),STDEV(H15,H21,H25),STDEV(H16,H20,H25))=(STDEV(H16,H20,H25)),H20)))),"") | K29: Z | L29: =IFERROR(IF(MAX(STDEV(L15,L20,L25),STDEV(L16,L21,L25),STDEV(L15,L21,L25),STDEV(L16,L20,L25))=(STDEV(L15,L20,L25)),L20,IF(MAX(STDEV(L15,L20,L25),STDEV(L16,L21,L25),STDEV(L15,L21,L25),STDEV(L16,L20,L25))=(STDEV(L15,L21,L25)),L21,IF(MAX(STDEV(L15,L20,L25),STDEV(L16,L21,L25),STDEV(L15,L21,L25),STDEV(L16,L20,L25))=(STDEV(L16,L21,L25)),L21,IF(MAX(STDEV(L15,L20,L25),STDEV(L16,L21,L25),STDEV(L15,L21,L25),STDEV(L16,L20,L25))=(STDEV(L16,L20,L25)),L20)))),"") | O29: Z | P29: =IFERROR(IF(MAX(STDEV(P15,P20,P25),STDEV(P16,P21,P25),STDEV(P15,P21,P25),STDEV(P16,P20,P25))=(STDEV(P15,P20,P25)),P20,IF(MAX(STDEV(P15,P20,P25),STDEV(P16,P21,P25),STDEV(P15,P21,P25),STDEV(P16,P20,P25))=(STDEV(P15,P21,P25)),P21,IF(MAX(STDEV(P15,P20,P25),STDEV(P16,P21,P25),STDEV(P15,P21,P25),STDEV(P16,P20,P25))=(STDEV(P16,P21,P25)),P21,IF(MAX(STDEV(P15,P20,P25),STDEV(P16,P21,P25),STDEV(P15,P21,P25),STDEV(P16,P20,P25))=(STDEV(P16,P20,P25)),P20)))),"") | T29: 15℃ | V29: 30℃ | Y29: 응답시간 | AA29: 120 초 | AE29: Z | AF29: =IFERROR(IF(MAX(STDEV(AF15,AF20,AF25),STDEV(AF16,AF21,AF25),STDEV(AF15,AF21,AF25),STDEV(AF16,AF20,AF25))=(STDEV(AF15,AF20,AF25)),AF20,IF(MAX(STDEV(AF15,AF20,AF25),STDEV(AF16,AF21,AF25),STDEV(AF15,AF21,AF25),STDEV(AF16,AF20,AF25))=(STDEV(AF15,AF21,AF25)),AF21,IF(MAX(STDEV(AF15,AF20,AF25),STDEV(AF16,AF21,AF25),STDEV(AF15,AF21,AF25),STDEV(AF16,AF20,AF25))=(STDEV(AF16,AF21,AF25)),AF21,IF(MAX(STDEV(AF15,AF20,AF25),STDEV(AF16,AF21,AF25),STDEV(AF15,AF21,AF25),STDEV(AF16,AF20,AF25))=(STDEV(AF16,AF20,AF25)),AF20)))),"")
C30: S | D30: =IFERROR(IF(MAX(STDEV(D17,D22,D26),STDEV(D18,D23,D26),STDEV(D17,D23,D26),STDEV(D18,D22,D26))=(STDEV(D17,D22,D26)),D22,IF(MAX(STDEV(D17,D22,D26),STDEV(D18,D23,D26),STDEV(D17,D23,D26),STDEV(D18,D22,D26))=(STDEV(D17,D23,D26)),D23,IF(MAX(STDEV(D17,D22,D26),STDEV(D18,D23,D26),STDEV(D17,D23,D26),STDEV(D18,D22,D26))=(STDEV(D18,D23,D26)),D23,IF(MAX(STDEV(D17,D22,D26),STDEV(D18,D23,D26),STDEV(D17,D23,D26),STDEV(D18,D22,D26))=(STDEV(D18,D22,D26)),D22)))),"") | G30: S | H30: =IFERROR(IF(MAX(STDEV(H17,H22,H26),STDEV(H18,H23,H26),STDEV(H17,H23,H26),STDEV(H18,H22,H26))=(STDEV(H17,H22,H26)),H22,IF(MAX(STDEV(H17,H22,H26),STDEV(H18,H23,H26),STDEV(H17,H23,H26),STDEV(H18,H22,H26))=(STDEV(H17,H23,H26)),H23,IF(MAX(STDEV(H17,H22,H26),STDEV(H18,H23,H26),STDEV(H17,H23,H26),STDEV(H18,H22,H26))=(STDEV(H18,H23,H26)),H23,IF(MAX(STDEV(H17,H22,H26),STDEV(H18,H23,H26),STDEV(H17,H23,H26),STDEV(H18,H22,H26))=(STDEV(H18,H22,H26)),H22)))),"") | K30: S | L30: =IFERROR(IF(MAX(STDEV(L17,L22,L26),STDEV(L18,L23,L26),STDEV(L17,L23,L26),STDEV(L18,L22,L26))=(STDEV(L17,L22,L26)),L22,IF(MAX(STDEV(L17,L22,L26),STDEV(L18,L23,L26),STDEV(L17,L23,L26),STDEV(L18,L22,L26))=(STDEV(L17,L23,L26)),L23,IF(MAX(STDEV(L17,L22,L26),STDEV(L18,L23,L26),STDEV(L17,L23,L26),STDEV(L18,L22,L26))=(STDEV(L18,L23,L26)),L23,IF(MAX(STDEV(L17,L22,L26),STDEV(L18,L23,L26),STDEV(L17,L23,L26),STDEV(L18,L22,L26))=(STDEV(L18,L22,L26)),L22)))),"") | O30: S | P30: =IFERROR(IF(MAX(STDEV(P17,P22,P26),STDEV(P18,P23,P26),STDEV(P17,P23,P26),STDEV(P18,P22,P26))=(STDEV(P17,P22,P26)),P22,IF(MAX(STDEV(P17,P22,P26),STDEV(P18,P23,P26),STDEV(P17,P23,P26),STDEV(P18,P22,P26))=(STDEV(P17,P23,P26)),P23,IF(MAX(STDEV(P17,P22,P26),STDEV(P18,P23,P26),STDEV(P17,P23,P26),STDEV(P18,P22,P26))=(STDEV(P18,P23,P26)),P23,IF(MAX(STDEV(P17,P22,P26),STDEV(P18,P23,P26),STDEV(P17,P23,P26),STDEV(P18,P22,P26))=(STDEV(P18,P22,P26)),P22)))),"") | T30: 20℃ | V30: 응답시간 | W30: 30 초 | Y30: 온도보상시험 | AA30: 20 ℃ | AE30: S | AF30: =IFERROR(IF(MAX(STDEV(AF17,AF22,AF26),STDEV(AF18,AF23,AF26),STDEV(AF17,AF23,AF26),STDEV(AF18,AF22,AF26))=(STDEV(AF17,AF22,AF26)),AF22,IF(MAX(STDEV(AF17,AF22,AF26),STDEV(AF18,AF23,AF26),STDEV(AF17,AF23,AF26),STDEV(AF18,AF22,AF26))=(STDEV(AF17,AF23,AF26)),AF23,IF(MAX(STDEV(AF17,AF22,AF26),STDEV(AF18,AF23,AF26),STDEV(AF17,AF23,AF26),STDEV(AF18,AF22,AF26))=(STDEV(AF18,AF23,AF26)),AF23,IF(MAX(STDEV(AF17,AF22,AF26),STDEV(AF18,AF23,AF26),STDEV(AF17,AF23,AF26),STDEV(AF18,AF22,AF26))=(STDEV(AF18,AF22,AF26)),AF22)))),"")
A31: 현장적용 계수시험 | D31: 측정값 | H31: 측정값 | L31: 측정값 | P31: 측정값 | S31: 현장적용 계수시험 | U31: 측정값 | W31: 주시험 | AA31: 20 ℃ | AF31: 측정값
C32: 1 | G32: 1 | K32: 1 | O32: 1 | AA32: 20 ℃ | AE32: 1
AA33: 30 ℃
C34: 2 | G34: 2 | K34: 2 | O34: 2 | AA34: 30 ℃ | AE34: 2
AA35: 30 ℃
A36: 성능확인 계산 | C36: TOC Data | G36: TN Data | K36: TP Data | O36: SS Data | S36: pH Data | Y36: DO Data | AE36: COD Data
C37: Z5 | D37: =IF(OR(ISBLANK(D25), ISTEXT(D25)), "", D25) | E37: S5 | F37: =IF(OR(ISBLANK(D26), ISTEXT(D26)), "", D26) | G37: Z5 | H37: =IF(OR(ISBLANK(H25), ISTEXT(H25)), "", H25) | I37: S5 | J37: =IF(OR(ISBLANK(H26), ISTEXT(H26)), "", H26) | K37: Z5 | L37: =IF(OR(ISBLANK(L25), ISTEXT(L25)), "", L25) | M37: S5 | N37: =IF(OR(ISBLANK(L26), ISTEXT(L26)), "", L26) | O37: Z5 | P37: =IF(OR(ISBLANK(P25), ISTEXT(P25)), "", P25) | Q37: S5 | R37: =IF(OR(ISBLANK(P26), ISTEXT(P26)), "", P26) | S37: 7 | T37: =IF(OR(ISBLANK(U12), ISTEXT(U12)), "", U12) | U37: 4 | V37: =IF(OR(ISBLANK(U13), ISTEXT(U13)), "", U13) | Y37: =Z10 -> 8.263 | Z37: =IF(OR(ISBLANK(AA12), ISTEXT(AA12)), "", AA12) | AE37: Z5 | AF37: =IF(OR(ISBLANK(AF25), ISTEXT(AF25)), "", AF25) | AG37: S5 | AH37: =IF(OR(ISBLANK(AF26), ISTEXT(AF26)), "", AF26)
C38: =IF(D27=D15,"Z1","Z2") -> Z1 | D38: =IF(OR(ISBLANK(D27), ISTEXT(D27)), "", D27) | E38: =IF(D28=D17,"S1","S2") -> S1 | F38: =IF(OR(ISBLANK(D28), ISTEXT(D28)), "", D28) | G38: =IF(H27=H15,"Z1","Z2") -> Z1 | H38: =IF(OR(ISBLANK(H27), ISTEXT(H27)), "", H27) | I38: =IF(H28=H17,"S1","S2") -> S1 | J38: =IF(OR(ISBLANK(H28), ISTEXT(H28)), "", H28) | K38: =IF(L27=L15,"Z1","Z2") -> Z1 | L38: =IF(OR(ISBLANK(L27), ISTEXT(L27)), "", L27) | M38: =IF(L28=L17,"S1","S2") -> S1 | N38: =IF(OR(ISBLANK(L28), ISTEXT(L28)), "", L28) | O38: =IF(P27=P15,"Z1","Z2") -> Z1 | P38: =IF(OR(ISBLANK(P27), ISTEXT(P27)), "", P27) | Q38: =IF(P28=P17,"S1","S2") -> S1 | R38: =IF(OR(ISBLANK(P28), ISTEXT(P28)), "", P28) | S38: 7 | T38: =IF(OR(ISBLANK(U14), ISTEXT(U14)), "", U14) | U38: 4 | V38: =IF(OR(ISBLANK(U15), ISTEXT(U15)), "", U15) | Z38: =IF(OR(ISBLANK(AA14), ISTEXT(AA14)), "", AA14) | AE38: =IF(AF27=AF15,"Z1","Z2") -> Z1 | AF38: =IF(OR(ISBLANK(AF27), ISTEXT(AF27)), "", AF27) | AG38: =IF(AF28=AF17,"S1","S2") -> S1 | AH38: =IF(OR(ISBLANK(AF28), ISTEXT(AF28)), "", AF28)
C39: =IF(D29=D20,"Z3","Z4") -> Z3 | D39: =IF(OR(ISBLANK(D29), ISTEXT(D29)), "", D29) | E39: =IF(D30=D22,"S3","S4") -> S3 | F39: =IF(OR(ISBLANK(D30), ISTEXT(D30)), "", D30) | G39: =IF(H29=H20,"Z3","Z4") -> Z3 | H39: =IF(OR(ISBLANK(H29), ISTEXT(H29)), "", H29) | I39: =IF(H30=H22,"S3","S4") -> S3 | J39: =IF(OR(ISBLANK(H30), ISTEXT(H30)), "", H30) | K39: =IF(L29=L20,"Z3","Z4") -> Z3 | L39: =IF(OR(ISBLANK(L29), ISTEXT(L29)), "", L29) | M39: =IF(L30=L22,"S3","S4") -> S3 | N39: =IF(OR(ISBLANK(L30), ISTEXT(L30)), "", L30) | O39: =IF(P29=P20,"Z3","Z4") -> Z3 | P39: =IF(OR(ISBLANK(P29), ISTEXT(P29)), "", P29) | Q39: =IF(P30=P22,"S3","S4") -> S3 | R39: =IF(OR(ISBLANK(P30), ISTEXT(P30)), "", P30) | S39: 7 | T39: =IF(OR(ISBLANK(U16), ISTEXT(U16)), "", U16) | U39: 4 | V39: =IF(OR(ISBLANK(U17), ISTEXT(U17)), "", U17) | Z39: =IF(OR(ISBLANK(AA16), ISTEXT(AA16)), "", AA16) | AE39: =IF(AF29=AF20,"Z3","Z4") -> Z3 | AF39: =IF(OR(ISBLANK(AF29), ISTEXT(AF29)), "", AF29) | AG39: =IF(AF30=AF22,"S3","S4") -> S3 | AH39: =IF(OR(ISBLANK(AF30), ISTEXT(AF30)), "", AF30)
C40: 반복성 | D40: =IF( OR( COUNTBLANK(D37:D39)>0, COUNTBLANK(F37:F39)>0, F8=0, ISBLANK(F8) ), "", ROUND(MAX(STDEV(D37:D39), STDEV(F37:F39))/F8*100, 1) ) | E40: 결과 | F40: =IF( OR( ISBLANK(D40), ISTEXT(D40), NOT(ISNUMBER(D40)), D40 > 3 ), "부적합", "적 합" ) -> 부적합 | G40: 반복성 | H40: =IF( OR( COUNTBLANK(H37:H39) > 0, COUNTBLANK(J37:J39) > 0, J8 = 0, ISBLANK(J8) ), "", ROUND(MAX(STDEV(H37:H39), STDEV(J37:J39)) / J8 * 100, 1) ) | I40: 결과 | J40: =IF( OR( ISBLANK(H40), ISTEXT(H40), NOT(ISNUMBER(H40)), H40 > 3 ), "부적합", "적 합" ) -> 부적합 | K40: 반복성 | L40: =IF( OR( COUNTBLANK(L37:L39) > 0, COUNTBLANK(N37:N39) > 0, N8 = 0, ISBLANK(N8) ), "", ROUND(MAX(STDEV(L37:L39), STDEV(N37:N39)) / N8 * 100, 1) ) | M40: 결과 | N40: =IF( OR( ISBLANK(L40), ISTEXT(L40), ISERROR(L40), L40 > 3 ), "부적합", IF(AND(L40 <= 3, ISNUMBER(L40)), "적 합", "부적합") ) -> 부적합 | O40: 반복성 | P40: =IF( OR( COUNTBLANK(P37:P39) > 0, COUNTBLANK(R37:R39) > 0, R8 = 0, ISBLANK(R8) ), "", ROUND(MAX(STDEV(P37:P39), STDEV(R37:R39)) / R8 * 100, 1) ) | Q40: 결과 | R40: =IF( OR( ISBLANK(P40), ISTEXT(P40), ISERROR(P40), P40 > 3 ), "부적합", IF(AND(P40 <= 3, ISNUMBER(P40)), "적 합", "부적합") ) -> 부적합 | S40: 반복성 | T40: =IF( OR( COUNTBLANK(T37:T39) > 0, COUNTBLANK(V37:V39) > 0, ISTEXT(MAX(STDEV(T37:T39), STDEV(V37:V39))), ISBLANK(MAX(STDEV(T37:T39), STDEV(V37:V39))) ), "", ROUND(MAX(STDEV(T37:T39), STDEV(V37:V39)), 2) ) | U40: 결과 | V40: =IF( OR( ISBLANK(T40), ISTEXT(T40), ISERROR(T40), T40 > 0.1 ), "부적합", IF(AND(T40 <= 0.1, ISNUMBER(T40)), "적 합", "부적합") ) -> 부적합 | Y40: 반복성 | Z40: =IF( OR( COUNTBLANK(Z37:Z39) > 0, ISTEXT(STDEV(Z37:Z39)), ISBLANK(STDEV(Z37:Z39)) ), "", ROUND(STDEV(Z37:Z39), 2) ) | AA40: 결과 | AB40: =IF( OR( ISBLANK(Z40), ISTEXT(Z40), ISERROR(Z40), Z40 > 0.3 ), "부적합", IF( AND(Z40 <= 0.3, ISNUMBER(Z40)), "적 합", "부적합" ) ) -> 부적합 | AE40: 반복성 | AF40: =IF( OR( COUNTBLANK(AF37:AF39) > 0, COUNTBLANK(AH37:AH39) > 0, AH8 = 0, ISBLANK(AH8) ), "", ROUND(MAX(STDEV(AF37:AF39), STDEV(AH37:AH39)) / AH8 * 100, 1) ) | AG40: 결과 | AH40: =IF( OR( ISBLANK(AF40), ISTEXT(AF40), ISERROR(AF40), AF40 > 3 ), "부적합", IF(AND(AF40 <= 3, ISNUMBER(AF40)), "적 합", "부적합") ) -> 부적합
C41: Z1 | D41: =IF(OR(ISBLANK(D15), ISTEXT(D15)), "", D15) | E41: Z2 | F41: =IF(OR(ISBLANK(D16), ISTEXT(D16)), "", D16) | G41: Z1 | H41: =IF(OR(ISBLANK(H15), ISTEXT(H15)), "", H15) | I41: Z2 | J41: =IF(OR(ISBLANK(H16), ISTEXT(H16)), "", H16) | K41: Z1 | L41: =IF(OR(ISBLANK(L15), ISTEXT(L15)), "", L15) | M41: Z2 | N41: =IF(OR(ISBLANK(L16), ISTEXT(L16)), "", L16) | O41: Z1 | P41: =IF(OR(ISBLANK(P15), ISTEXT(P15)), "", P15) | Q41: Z2 | R41: =IF(OR(ISBLANK(P16), ISTEXT(P16)), "", P16) | S41: 시험초기 | T41: =IF(OR(ISBLANK(U21), ISTEXT(U21)), "", U21) | U41: 2시간후 | V41: =IF(OR(ISBLANK(X21), ISTEXT(X21)), "", X21) | Y41: 시험초기 | Z41: =IF(OR(ISBLANK(AA18), ISTEXT(AA18)), "", AA18) | AA41: 2시간후 | AB41: =IF(OR(ISBLANK(AD18), ISTEXT(AD18)), "", AD18) | AE41: Z1 | AF41: =IF(OR(ISBLANK(AF15), ISTEXT(AF15)), "", AF15) | AG41: Z2 | AH41: =IF(OR(ISBLANK(AF16), ISTEXT(AF16)), "", AF16)
C42: Z3 | D42: =IF(OR(ISBLANK(D20), ISTEXT(D20)), "", D20) | E42: Z4 | F42: =IF(OR(ISBLANK(D21), ISTEXT(D21)), "", D21) | G42: Z3 | H42: =IF(OR(ISBLANK(H20), ISTEXT(H20)), "", H20) | I42: Z4 | J42: =IF(OR(ISBLANK(H21), ISTEXT(H21)), "", H21) | K42: Z3 | L42: =IF(OR(ISBLANK(L20), ISTEXT(L20)), "", L20) | M42: Z4 | N42: =IF(OR(ISBLANK(L21), ISTEXT(L21)), "", L21) | O42: Z3 | P42: =IF(OR(ISBLANK(P20), ISTEXT(P20)), "", P20) | Q42: Z4 | R42: =IF(OR(ISBLANK(P21), ISTEXT(P21)), "", P21) | T42: =IF(OR(ISBLANK(U22), ISTEXT(U22)), "", U22) | V42: =IF(OR(ISBLANK(X22), ISTEXT(X22)), "", X22) | Z42: =IF(OR(ISBLANK(AA19), ISTEXT(AA19)), "", AA19) | AB42: =IF(OR(ISBLANK(AD19), ISTEXT(AD19)), "", AD19) | AE42: Z3 | AF42: =IF(OR(ISBLANK(AF20), ISTEXT(AF20)), "", AF20) | AG42: Z4 | AH42: =IF(OR(ISBLANK(AF21), ISTEXT(AF21)), "", AF21)
C43: 제로드리프트 | D43: =IF( OR( COUNTBLANK(D41:F42)>0, F8=0, ISBLANK(F8) ), "", ROUND(ABS(AVERAGE(D41,F41)-AVERAGE(D42,F42))/F8*100,1) ) | E43: 결과 | F43: =IF( OR( ISBLANK(D43), ISERROR(D43), D43 <= 5 ), IF( OR( ISBLANK(D43), ISTEXT(D43) ), "부적합", "적 합" ), "부적합" ) -> 부적합 | G43: 제로드리프트 | H43: =IF( OR( COUNTBLANK(H41:J42) > 0, J8 = 0, ISBLANK(J8) ), "", ROUND(ABS(AVERAGE(H41,J41)-AVERAGE(H42,J42))/J8*100,1) ) | I43: 결과 | J43: =IF( OR( ISBLANK(H43), ISERROR(H43), H43 <= 5 ), IF( OR( ISBLANK(H43), ISTEXT(H43) ), "부적합", "적 합" ), "부적합" ) -> 부적합 | K43: 제로드리프트 | L43: =IF( OR( COUNTBLANK(L41:N42) > 0, N8 = 0, ISBLANK(N8) ), "", ROUND(ABS(AVERAGE(L41,N41)-AVERAGE(L42,N42))/N8*100,1) ) | M43: 결과 | N43: =IF( OR( ISBLANK(L43), ISERROR(L43), L43 <= 5 ), IF( OR( ISBLANK(L43), ISTEXT(L43) ), "부적합", "적 합" ), "부적합" ) -> 부적합 | O43: 제로드리프트 | P43: =IF( OR( COUNTBLANK(P41:R42) > 0, R8 = 0, ISBLANK(R8) ), "", ROUND(ABS(AVERAGE(P41,R41)-AVERAGE(P42,R42))/R8*100,1) ) | Q43: 결과 | R43: =IF( OR( ISBLANK(P43), ISERROR(P43), P43 <= 5 ), IF( OR( ISBLANK(P43), ISTEXT(P43) ), "부적합", "적 합" ), "부적합" ) -> 부적합 | T43: =IF(OR(ISBLANK(U23), ISTEXT(U23)), "", U23) | V43: =IF(OR(ISBLANK(X23), ISTEXT(X23)), "", X23) | Z43: =IF(OR(ISBLANK(AA20), ISTEXT(AA20)), "", AA20) | AB43: =IF(OR(ISBLANK(AD20), ISTEXT(AD20)), "", AD20) | AE43: 제로드리프트 | AF43: =IF( OR( COUNTBLANK(AF41:AH42) > 0, AH8 = 0, ISBLANK(AH8) ), "", ROUND(ABS(AVERAGE(AF41:AH41) - AVERAGE(AF42:AH42)) / AH8 * 100, 1) ) | AG43: 결과 | AH43: =IF( OR( ISBLANK(AF43), ISERROR(AF43), AF43 <= 5 ), IF( OR( ISBLANK(AF43), ISTEXT(AF43) ), "부적합", "적 합" ), "부적합" ) -> 부적합
C44: S1 | D44: =IF(OR(ISBLANK(D17), ISTEXT(D17)), "", D17) | E44: S2 | F44: =IF(OR(ISBLANK(D18), ISTEXT(D18)), "", D18) | G44: S1 | H44: =IF(OR(ISBLANK(H17), ISTEXT(H17)), "", H17) | I44: S2 | J44: =IF(OR(ISBLANK(H18), ISTEXT(H18)), "", H18) | K44: S1 | L44: =IF(OR(ISBLANK(L17), ISTEXT(L17)), "", L17) | M44: S2 | N44: =IF(OR(ISBLANK(L18), ISTEXT(L18)), "", L18) | O44: S1 | P44: =IF(OR(ISBLANK(P17), ISTEXT(P17)), "", P17) | Q44: S2 | R44: =IF(OR(ISBLANK(P18), ISTEXT(P18)), "", P18) | S44: 제로드리프트 | T44: =IF( OR( COUNTBLANK(V41:V43) > 0, COUNTBLANK(T41:T43) > 0, ISBLANK(AVERAGE(V41:V43)), ISTEXT(MAX(AVERAGE(V41:V43), AVERAGE(T41:T43))) ), "", IF( ISTEXT(MAX(AVERAGE(V41:V43), AVERAGE(T41:T43))), "", ROUND(ABS(AVERAGE(V41:V43) - AVERAGE(T41:T43)), 2) ) ) | U44: 결과 | V44: =IF(OR(ISBLANK(T44), ISERROR(T44), T44 <= 0.1), IF(OR(ISBLANK(T44), ISTEXT(T44)), "부적합", "적 합"), "부적합") -> 부적합 | Y44: 제로드리프트 | Z44: =IF( OR( COUNTBLANK(AB41:AB43) > 0, COUNTBLANK(Z41:Z43) > 0, ISBLANK(AVERAGE(AB41:AB43)), ISTEXT(MAX(AVERAGE(AB41:AB43), AVERAGE(Z41:Z43))) ), "", IF( ISTEXT(MAX(AVERAGE(AB41:AB43), AVERAGE(Z41:Z43))), "", ROUND(ABS(AVERAGE(AB41:AB43) - AVERAGE(Z41:Z43)), 2) ) ) | AA44: 결과 | AB44: =IF( OR( ISBLANK(Z44), ISERROR(Z44), Z44 <= 0.2 ), IF( OR( ISBLANK(Z44), ISTEXT(Z44) ), "부적합", "적 합" ), "부적합" ) -> 부적합 | AE44: S1 | AF44: =IF(OR(ISBLANK(AF17), ISTEXT(AF17)), "", AF17) | AG44: S2 | AH44: =IF(OR(ISBLANK(AF18), ISTEXT(AF18)), "", AF18)
C45: S3 | D45: =IF(OR(ISBLANK(D22), ISTEXT(D22)), "", D22) | E45: S4 | F45: =IF(OR(ISBLANK(D23), ISTEXT(D23)), "", D23) | G45: S3 | H45: =IF(OR(ISBLANK(H22), ISTEXT(H22)), "", H22) | I45: S4 | J45: =IF(OR(ISBLANK(H23), ISTEXT(H23)), "", H23) | K45: S3 | L45: =IF(OR(ISBLANK(L22), ISTEXT(L22)), "", L22) | M45: S4 | N45: =IF(OR(ISBLANK(L23), ISTEXT(L23)), "", L23) | O45: S3 | P45: =IF(OR(ISBLANK(P22), ISTEXT(P22)), "", P22) | Q45: S4 | R45: =IF(OR(ISBLANK(P23), ISTEXT(P23)), "", P23) | S45: 시험초기 | T45: =IF(OR(ISBLANK(U18), ISTEXT(U18)), "", U18) | U45: 2시간후 | V45: =IF(OR(ISBLANK(X18), ISTEXT(X18)), "", X18) | Y45: 시험초기 | Z45: =IF(OR(ISBLANK(AA21), ISTEXT(AA21)), "", AA21) | AA45: 2시간후 | AB45: =IF(OR(ISBLANK(AD21), ISTEXT(AD21)), "", AD21) | AE45: S3 | AF45: =IF(OR(ISBLANK(AF22), ISTEXT(AF22)), "", AF22) | AG45: S4 | AH45: =IF(OR(ISBLANK(AF23), ISTEXT(AF23)), "", AF23)
C46: 스팬드리프트 | D46: =IF( OR( COUNTBLANK(D44:F45)>0, F8=0, ISBLANK(F8) ), "", ROUND(ABS(AVERAGE(D44,F44)-AVERAGE(D45,F45))/F8*100,1) ) | E46: 결과 | F46: =IF( OR( ISBLANK(D46), ISERROR(D46), D46 <= 5 ), IF( OR( ISBLANK(D46), ISTEXT(D46) ), "부적합", "적 합" ), "부적합" ) -> 부적합 | G46: 스팬드리프트 | H46: =IF( OR( COUNTBLANK(H44:J45)>0, J8=0, ISBLANK(J8) ), "", ROUND(ABS(AVERAGE(H44,J44)-AVERAGE(H45,J45))/J8*100,1) ) | I46: 결과 | J46: =IF( OR( ISBLANK(H46), ISERROR(H46), H46 <= 5 ), IF( OR( ISBLANK(H46), ISTEXT(H46) ), "부적합", "적 합" ), "부적합" ) -> 부적합 | K46: 스팬드리프트 | L46: =IF( OR( COUNTBLANK(L44:N45) > 0, N8 = 0, ISBLANK(N8) ), "", ROUND(ABS(AVERAGE(L44,N44)-AVERAGE(L45,N45))/N8*100,1) ) | M46: 결과 | N46: =IF( OR( ISBLANK(L46), ISERROR(L46), L46 <= 5 ), IF( OR( ISBLANK(L46), ISTEXT(L46) ), "부적합", "적 합" ), "부적합" ) -> 부적합 | O46: 스팬드리프트 | P46: =IF( OR( COUNTBLANK(P44:R45) > 0, R8 = 0, ISBLANK(R8) ), "", ROUND(ABS(AVERAGE(P44,R44)-AVERAGE(P45,R45))/R8*100,1) ) | Q46: 결과 | R46: =IF( OR( ISBLANK(P46), ISERROR(P46), P46 <= 5 ), IF( OR( ISBLANK(P46), ISTEXT(P46) ), "부적합", "적 합" ), "부적합" ) -> 부적합 | T46: =IF(OR(ISBLANK(U19), ISTEXT(U19)), "", U19) | V46: =IF(OR(ISBLANK(X19), ISTEXT(X19)), "", X19) | Z46: =IF(OR(ISBLANK(AA22), ISTEXT(AA22)), "", AA22) | AB46: =IF(OR(ISBLANK(AD22), ISTEXT(AD22)), "", AD22) | AE46: 스팬드리프트 | AF46: =IF( OR( COUNTBLANK(AF44:AH45) > 0, AH8 = 0, ISBLANK(AH8) ), "", ROUND(ABS(AVERAGE(AF44:AH44) - AVERAGE(AF45:AH45)) / AH8 * 100, 1) ) | AG46: 결과 | AH46: =IF( OR( ISBLANK(AF46), ISERROR(AF46), AF46 <= 5 ), IF( OR( ISBLANK(AF46), ISTEXT(AF46) ), "부적합", "적 합" ), "부적합" ) -> 부적합
C47: M1 | D47: =IF(OR(ISBLANK(D12), ISTEXT(D12)), "", D12) | G47: M1 | H47: =IF(OR(ISBLANK(H12), ISTEXT(H12)), "", H12) | K47: M1 | L47: =IF(OR(ISBLANK(L12), ISTEXT(L12)), "", L12) | O47: M1 | P47: =IF(OR(ISBLANK(P12), ISTEXT(P12)), "", P12) | T47: =IF(OR(ISBLANK(U20), ISTEXT(U20)), "", U20) | V47: =IF(OR(ISBLANK(X20), ISTEXT(X20)), "", X20) | Z47: =IF(OR(ISBLANK(AA23), ISTEXT(AA23)), "", AA23) | AB47: =IF(OR(ISBLANK(AD23), ISTEXT(AD23)), "", AD23) | AE47: M1 | AF47: =IF(OR(ISBLANK(AF12), ISTEXT(AF12)), "", AF12)
C48: M2 | D48: =IF(OR(ISBLANK(D13), ISTEXT(D13)), "", D13) | G48: M2 | H48: =IF(OR(ISBLANK(H13), ISTEXT(H13)), "", H13) | K48: M2 | L48: =IF(OR(ISBLANK(L13), ISTEXT(L13)), "", L13) | O48: M2 | P48: =IF(OR(ISBLANK(P13), ISTEXT(P13)), "", P13) | S48: 스팬드리프트 | T48: =IF( OR( COUNTBLANK(V45:V47) > 0, COUNTBLANK(T45:T47) > 0, ISBLANK(AVERAGE(V45:V47)), ISTEXT(MAX(AVERAGE(V45:V47), AVERAGE(T45:T47))) ), "", IF( ISTEXT(MAX(AVERAGE(V45:V47), AVERAGE(T45:T47))), "", ROUND(ABS(AVERAGE(V45:V47) - AVERAGE(T45:T47)), 2) ) ) | U48: 결과 | V48: =IF(OR(ISBLANK(T48), ISERROR(T48), T48 <= 0.1), IF(OR(ISBLANK(T48), ISTEXT(T48)), "부적합", "적 합"), "부적합") -> 부적합 | Y48: 스팬드리프트 | Z48: =IFERROR(ROUND(ABS((AVERAGE(AB45:AB47))-(AVERAGE(Z45:Z47))),2),"") | AA48: 결과 | AB48: =IFERROR( IF( OR( ISBLANK(Z48), ISERROR(Z48), Z48 <= 0.3 ), IF( OR( ISBLANK(Z48), ISTEXT(Z48) ), "부적합", "적 합" ), "부적합" ), "" ) -> 부적합 | AE48: M2 | AF48: =IF(OR(ISBLANK(AF13), ISTEXT(AF13)), "", AF13)
C49: M3 | D49: =IF(OR(ISBLANK(D14), ISTEXT(D14)), "", D14) | G49: M3 | H49: =IF(OR(ISBLANK(H14), ISTEXT(H14)), "", H14) | K49: M3 | L49: =IF(OR(ISBLANK(L14), ISTEXT(L14)), "", L14) | O49: M3 | P49: =IF(OR(ISBLANK(P14), ISTEXT(P14)), "", P14) | S49: 4 | T49: =IF(OR(ISBLANK(T25), ISTEXT(T25)), "", T25) | U49: 7 | V49: =IF(OR(ISBLANK(V25), ISTEXT(V25)), "", V25) | W49: 10 | X49: =X25 -> 0 | Y49: 20 ℃ | Z49: =IF(OR(ISBLANK(AC30), ISTEXT(AC30)), "", AC30) | AA49: 30 ℃ | AB49: =IF(OR(ISBLANK(AC33), ISTEXT(AC33)), "", AC33) | AE49: M3 | AF49: =IF(OR(ISBLANK(AF14), ISTEXT(AF14)), "", AF14)
C50: 직선성 | D50: =IF( OR( COUNTBLANK(D47:D49)>0, F8=0, ISBLANK(F8) ), "", ROUND((AVERAGE(D47:D49)-(F8*0.45))/(F8*0.45)*100, 1) ) | E50: 결과 | F50: =IF( OR( ISBLANK(D50), ISTEXT(D50), ISERROR(D50) ), "부적합", IF(AND(D50 >= -5, D50 <= 5), "적 합", "부적합") ) -> 부적합 | G50: 직선성 | H50: =IF( OR( COUNTBLANK(H47:H49)>0, J8=0, ISBLANK(J8) ), "", ROUND(IFERROR((AVERAGE(H47:H49)-(J8*0.45))/(J8*0.45)*100,""),1) ) | I50: 결과 | J50: =IF( ISERROR( IF( OR(H12="-", H13="-", H14="-"), "부적합", IF( OR( G9="hatn-2000", G9="hatp-2000", G9="PowerMON Kolorimeter", G9="PowerMON TN", G9="RoboChem™ TN·TP" ), IF( AND(H50>=-5, H50<=5), "적 합", "해당 없음" ), IF( AND(H50>=-5, H50<=5), "적 합", "부적합" ) ) ) ), "", IF( OR(H12="-", H13="-", H14="-"), "부적합", IF( OR( G9="hatn-2000", G9="hatp-2000", G9="PowerMON Kolorimeter", G9="PowerMON TN", G9="RoboChem™ TN·TP" ), IF( AND(H50>=-5, H50<=5), "적 합", "해당 없음" ), IF( AND(H50>=-5, H50<=5), "적 합", "부적합" ) ) ) ) -> 부적합 | K50: 직선성 | L50: =IF( OR( COUNTBLANK(L47:L49) > 0, N8 = 0, ISBLANK(N8) ), "", ROUND((AVERAGE(L47:L49)-(N8*0.45))/(N8*0.45)*100,1) ) | M50: 결과 | N50: =IF( ISERROR( IF( OR(L12="-", L13="-", L14="-"), "부적합", IF( OR( K9="hatn-2000", K9="hatp-2000", K9="PowerMON Kolorimeter", K9="PowerMON TN", K9="RoboChem™ TN·TP" ), IF( AND(L50>=-5, L50<=5), "적 합", "해당 없음" ), IF( AND(L50>=-5, L50<=5), "적 합", "부적합" ) ) ) ), "", IF( OR(L12="-", L13="-", L14="-"), "부적합", IF( OR( K9="hatn-2000", K9="hatp-2000", K9="PowerMON Kolorimeter", K9="PowerMON TN", K9="RoboChem™ TN·TP" ), IF( AND(L50>=-5, L50<=5), "적 합", "해당 없음" ), IF( AND(L50>=-5, L50<=5), "적 합", "부적합" ) ) ) ) -> 부적합 | O50: 직선성 | P50: =IF( OR( COUNTBLANK(P47:P49)>0, R8=0, ISBLANK(R8) ), "", ROUND((AVERAGE(P47:P49)-(R8*0.45))/(R8*0.45)*100, 1) ) | Q50: 결과 | R50: =IF( OR( ISBLANK(P50), ISTEXT(P50), ISERROR(P50) ), "부적합", IF(AND(P50 >= -5, P50 <= 5, ISNUMBER(P50)), "적 합", "부적합") ) -> 부적합 | T50: =IF(OR(ISBLANK(T26), ISTEXT(T26)), "", T26) | V50: =IF(OR(ISBLANK(V26), ISTEXT(V26)), "", V26) | X50: =X26 -> 0 | Z50: =IF(OR(ISBLANK(AC31), ISTEXT(AC31)), "", AC31) | AB50: =IF(OR(ISBLANK(AC34), ISTEXT(AC34)), "", AC34) | AE50: 직선성 | AF50: =IF( OR( COUNTBLANK(AF47:AF49) > 0, AH8 = 0, ISBLANK(AH8) ), "", ROUND((AVERAGE(AF47:AF49) - (AH8 * 0.45)) / (AH8 * 0.45) * 100, 1) ) | AG50: 결과 | AH50: =IF( OR( ISBLANK(AF50), ISTEXT(AF50), ISERROR(AF50) ), "부적합", IF(AND(AF50 >= -5, AF50 <= 5, ISNUMBER(AF50)), "적 합", "부적합") ) -> 부적합
C51: 응답시간 | D51: =IF(D24="","",D24) | E51: 결과 | F51: =IF( OR( ISBLANK(D24), ISTEXT(D24), ISERROR(D24), AND(D24 > 15, ISNUMBER(D24)) ), "부적합", "적 합" ) -> 부적합 | T51: =IF(OR(ISBLANK(T27), ISTEXT(T27)), "", T27) | V51: =IF(OR(ISBLANK(V27), ISTEXT(V27)), "", V27) | X51: =X27 -> 0 | Z51: =IF(OR(ISBLANK(AC32), ISTEXT(AC32)), "", AC32) | AB51: =IF(OR(ISBLANK(AC35), ISTEXT(AC35)), "", AC35) | AE51: 포도당변동성시험 | AF51: =AF50 | AG51: 결과 | AH51: =IF( OR( ISBLANK(AF51), ISTEXT(AF51), ISERROR(AF51) ), "부적합", IF(AND(AF51 >= -5, AF51 <= 5, ISNUMBER(AF51)), "적 합", "부적합") ) -> 부적합
S52: max | T52: =IF(OR(ISBLANK(T49), ISBLANK(V49), ISBLANK(X49), ISBLANK(T50), ISBLANK(V50), ISBLANK(X50), ISBLANK(T51), ISBLANK(V51), ISBLANK(X51)), "", IFERROR(MAX((AVERAGE(T49:T51)-S49),(AVERAGE(V49:V51)-U49),(AVERAGE(X49:X51)-W49)),"")) | V52: min | W52: =IF(OR(ISBLANK(T49), ISBLANK(V49), ISBLANK(X49), ISBLANK(T50), ISBLANK(V50), ISBLANK(X50), ISBLANK(T51), ISBLANK(V51), ISBLANK(X51)), "", IFERROR(MIN((AVERAGE(T49:T51)-S49),(AVERAGE(V49:V51)-U49),(AVERAGE(X49:X51)-W49)),"")) | Y52: max | Z52: =IF( OR( ISBLANK(Z49), ISBLANK(AB49), ISBLANK(Z50), ISBLANK(AB50), ISBLANK(Z51), ISBLANK(AB51) ), "", IFERROR( MAX( (AVERAGE(Z49:Z51) - AB10), (AVERAGE(AB49:AB51) - AD10) ), "" ) ) | AA52: min | AB52: =IF( OR( ISBLANK(Z49), ISBLANK(AB49), ISBLANK(Z50), ISBLANK(AB50), ISBLANK(Z51), ISBLANK(AB51) ), "", IFERROR( MIN( (AVERAGE(Z49:Z51) - AB10), (AVERAGE(AB49:AB51) - AD10) ), "" ) )
S53: 직선성 | T53: =IF(OR(ISBLANK(T52),ISBLANK(W52)),"",IF(AND(ISNUMBER(T52),ISNUMBER(W52)),IF(MAX(ABS(W52),ABS(T52))=ABS(W52),W52,T52),"")) | U53: 결과 | V53: =IF( OR( ISBLANK(T53), ISTEXT(T53) ), "부적합", IF( AND( T53>=-0.1, T53<=0.1 ), "적 합", "부적합" ) ) -> 부적합 | Y53: 온도보상시험 | Z53: =IF(OR(ISBLANK(AB52), ISBLANK(Z52)), "", IFERROR(ROUND(IF(MAX(ABS(AB52),ABS(Z52))=ABS(Z52),Z52,AB52),2),"")) | AA53: 결과 | AB53: =IFERROR( IF( AND( ISNUMBER(Z53), Z53 >= -0.3, Z53 <= 0.3 ), "적 합", IF( OR( ISBLANK(Z53), ISTEXT(Z53) ), "부적합", "부적합" ) ), "" ) -> 부적합
S54: 응답시간 | T54: =IF(OR(ISBLANK(X30), ISTEXT(X30)), "", X30) | U54: 결과 | V54: =IF( ISERROR(X30), "", IF( AND( X30 >= 0, X30 <= 30, ISNUMBER(X30) ), "적 합", "부적합" ) ) -> 부적합 | Y54: 응답시간 | Z54: =IF(AC29="","",AC29) | AA54: 결과 | AB54: =IFERROR( IF( AND( AC29 <= 120, ISNUMBER(AC29) ), "적 합", "부적합" ), "" ) -> 부적합
S55: 10 ℃ | T55: 4 | U55: =IF(OR(ISBLANK(U28), ISTEXT(U28)), "", U28) | V55: =IFERROR(U55-T55,"")
S56: 15 ℃ | T56: 4 | U56: =IF(OR(ISBLANK(U29), ISTEXT(U29)), "", U29) | V56: =IFERROR(U56-T56,"")
S57: 20 ℃ | T57: 4 | U57: =IF(OR(ISBLANK(U30), ISTEXT(U30)), "", U30) | V57: =IFERROR(U57-T57,"")
S58: 25 ℃ | T58: 4.01 | U58: =IF(OR(ISBLANK(W28), ISTEXT(W28)), "", W28) | V58: =IFERROR(U58-T58,"")
S59: 30 ℃ | T59: 4.01 | U59: =IF(OR(ISBLANK(W29), ISTEXT(W29)), "", W29) | V59: =IFERROR(U59-T59,"")
S60: max | T60: =IF(OR(U28="", U29="", U30="", W28="", W29=""), "", MAX(V55:V59)) | U60: min | V60: =IF(OR(U28="", U29="", U30="", W28="", W29=""), "", MIN(V55:V59))
S61: 온도보상시험 (4.00) | T61: =IF(OR(ISBLANK(V60), ISBLANK(T60)), "", IFERROR(IF(MAX(ABS(V60),ABS(T60))=ABS(V60),V60,T60),"")) | U61: 결과 | V61: =IF( AND( ISNUMBER(T61), T61 >= -0.2, T61 <= 0.2 ), "적 합", IF( OR( ISBLANK(T61), ISTEXT(T61) ), "부적합", "부적합" ) ) -> 부적합
S62: 측정값1(Ci) | T62: =IF(U32="","",U32) | U62: 측정값2(Ci) | V62: =IF(U34="","",U34)
S63: 주시험1(Ai) | T63: =IF(W32="","",W32) | U63: 주시험2(Ai) | V63: =IF(W34="","",W34)
T64: =IF(W33="","",W33) | V64: =IF(W35="","",W35)
S65: Ai 평균 | T65: =IFERROR(AVERAGE(T63:T64),"") | U65: Ai 평균 | V65: =IFERROR(AVERAGE(V63:V64),"")
S66: │오차│(Fi) | T66: =IFERROR(ABS(T65-T62),"") | U66: │오차│(Fi) | V66: =IFERROR(ABS(V65-V62),"")
S67: (pH) | T67: =IFERROR(ROUND((T66+V66)/2,2),"")
S68: 현장적용 계수시험 | T68: =IFERROR(T67,"") | U68: 결과 | V68: =IFERROR(IF(OR(U32="_",U34="_"),"해당 없음",IF(AND(T68<=0.2, ISNUMBER(T68)),"적 합","부적합")),"") -> 부적합
F91: =F37 | H91: =STDEV(F91:F93) -> #DIV/0!
F92: =F38
F93: =F39

Sheet Sheet2
A1: 수질TMS정도검사 수분석 시트 | K1: =Sheet1!R1 -> v 9.0 청정수소인증센터 (2025.02.18)
A3: 총유기탄소 | E3: 총질소 | I3: 총인 | M3: 부유물질 | Q3: 화학적산소요구량
B4: 측정값 | C4: 주시험법 | F4: 측정값 | G4: 주시험법 | J4: 측정값 | K4: 주시험법 | N4: 측정값 | O4: 주시험법 | R4: 측정값 | S4: 주시험법
A5: 1 | E5: 1 | I5: 1 | M5: 1 | Q5: 1
A7: 2 | E7: 2 | I7: 2 | M7: 2 | Q7: 2
A9: 배출기준
A10: 측정값1(Ci) | B10: =B5 -> 0 | C10: 측정값2(Ci) | D10: =B7 -> 0
A11: 주시험1(Ai) | B11: =C5 -> 0 | C11: 주시험2(Ai) | D11: =C7 -> 0 | E11: 측정값1(Ci) | F11: =F5 -> 0 | G11: 측정값2(Ci) | H11: =F7 -> 0 | I11: 측정값1(Ci) | J11: =J5 -> 0 | K11: 측정값2(Ci) | L11: =J7 -> 0 | M11: 측정값1(Ci) | N11: =N5 -> 0 | O11: 측정값2(Ci) | P11: =N7 -> 0 | Q11: 측정값1(Ci) | R11: =R5 -> 0 | S11: 측정값2(Ci) | T11: =R7 -> 0
B12: =C6 -> 0 | D12: =C8 -> 0 | E12: 주시험1(Ai) | F12: =G5 -> 0 | G12: 주시험2(Ai) | H12: =G7 -> 0 | I12: 주시험1(Ai) | J12: =K5 -> 0 | K12: 주시험2(Ai) | L12: =K7 -> 0 | M12: 주시험1(Ai) | N12: =O5 -> 0 | O12: 주시험2(Ai) | P12: =O7 -> 0 | Q12: 주시험1(Ai) | R12: =S5 -> 0 | S12: 주시험2(Ai) | T12: =S7 -> 0
A13: 수분석 총평균 | B13: =SUM(C5:D8)/4 -> 0 | F13: =G6 -> 0 | H13: =G8 -> 0 | J13: =K6 -> 0 | L13: =K8 -> 0 | N13: =O6 -> 0 | P13: =O8 -> 0 | R13: =S6 -> 0 | T13: =S8 -> 0
A14: Ai 평균 | B14: =AVERAGE(B11:B12) -> 0 | C14: Ai 평균 | D14: =AVERAGE(D11:D12) -> 0 | E14: 수분석 총평균 | F14: =SUM(G5:H8)/4 -> 0 | I14: 수분석 총평균 | J14: =SUM(K5:L8)/4 -> 0 | M14: 수분석 총평균 | N14: =SUM(O5:P8)/4 -> 0 | Q14: 수분석 총평균 | R14: =SUM(S5:T8)/4 -> 0
A15: │오차│(Fi) | B15: =ABS(B14-B10) -> 0 | C15: │오차│(Fi) | D15: =ABS(D14-D10) -> 0 | E15: Ai 평균 | F15: =AVERAGE(F12:F13) -> 0 | G15: Ai 평균 | H15: =AVERAGE(H12:H13) -> 0 | I15: Ai 평균 | J15: =AVERAGE(J12:J13) -> 0 | K15: Ai 평균 | L15: =AVERAGE(L12:L13) -> 0 | M15: Ai 평균 | N15: =AVERAGE(N12:N13) -> 0 | O15: Ai 평균 | P15: =AVERAGE(P12:P13) -> 0 | Q15: Ai 평균 | R15: =AVERAGE(R12:R13) -> 0 | S15: Ai 평균 | T15: =AVERAGE(T12:T13) -> 0
A16: mg/L | B16: =ROUND((B15+D15)/2,2) -> 0 | E16: │오차│(Fi) | F16: =ABS(F15-F11) -> 0 | G16: │오차│(Fi) | H16: =ABS(H15-H11) -> 0 | I16: │오차│(Fi) | J16: =ABS(J15-J11) -> 0 | K16: │오차│(Fi) | L16: =ABS(L15-L11) -> 0 | M16: │오차│(Fi) | N16: =ABS(N15-N11) -> 0 | O16: │오차│(Fi) | P16: =ABS(P15-P11) -> 0 | Q16: │오차│(Fi) | R16: =ABS(R15-R11) -> 0 | S16: │오차│(Fi) | T16: =ABS(T15-T11) -> 0
A17: Fi/Ai(평균) | B17: =B15/B14 -> #DIV/0! | C17: Fi/Ai(평균) | D17: =D15/D14 -> #DIV/0! | E17: mg/L | F17: =ROUND((F16+H16)/2,2) -> 0 | I17: mg/L | J17: =ROUND((J16+L16)/2,3) -> 0 | M17: mg/L | N17: =ROUND((N16+P16)/2,1) -> 0 | Q17: mg/L | R17: =ROUND((R16+T16)/2,1) -> 0
A18: % | B18: =ROUND((B17+D17)/2*100,1) -> #DIV/0! | E18: Fi/Ai(평균) | F18: =F16/F15 -> #DIV/0! | G18: Fi/Ai(평균) | H18: =H16/H15 -> #DIV/0! | I18: Fi/Ai(평균) | J18: =J16/J15 -> #DIV/0! | K18: Fi/Ai(평균) | L18: =L16/L15 -> #DIV/0! | M18: Fi/Ai(평균) | N18: =N16/N15 -> #DIV/0! | O18: Fi/Ai(평균) | P18: =P16/P15 -> #DIV/0! | Q18: Fi/Ai(평균) | R18: =R16/R15 -> #DIV/0! | S18: Fi/Ai(평균) | T18: =T16/T15 -> #DIV/0!
A19: 배출기준(%) | B19: =IFERROR(ROUND(B16/B9*100,1),"해당 없음") -> 해당 없음 | E19: % | F19: =ROUND((F18+H18)/2*100,1) -> #DIV/0! | I19: % | J19: =ROUND((J18+L18)/2*100,1) -> #DIV/0! | M19: % | N19: =ROUND((N18+P18)/2*100,1) -> #DIV/0! | Q19: % | R19: =ROUND((R18+T18)/2*100,1) -> #DIV/0!
A20: 현장적용 계수시험 | B20: =IFERROR(IF(AND(B9="",B13<=3),TEXT(B16,"0.00")&" mg/L",IF(B13<B9/2,TEXT(B19,"0.0")&" %",TEXT(B18,"0.0")&" %")),"") -> 0.00 mg/L | C20: 결과 | D20: =IFERROR(IF(OR(B5="-",B7="-"),"부적합",IF(OR(B5="_",B7="_"),"해당 없음",IF(B13<B9/2,IF(B19<=15,"적 합","부적합"),IF(B13<3,IF(B16<=0.45,"적 합","부적합"),IF(B18<=15,"적 합","부적합"))))),"") -> 적 합 | E20: 현장적용 계수시험 | F20: =IFERROR(IF(F14<10,TEXT(F17,"0.00")&" mg/L",TEXT(F19,"0.0")&" %"),"") -> 0.00 mg/L | G20: 결과 | H20: =IFERROR(IF(OR(F5="-",F7="-"),"부적합",IF(OR(F5="_",F7="_"),"해당 없음",IF(F14<10,IF(F17<=1.5,"적 합","부적합"),IF(F19<=15,"적 합","부적합")))),"") -> 적 합 | I20: 현장적용 계수시험 | J20: =IFERROR(IF(J14<0.4,TEXT(J17,"0.000")&" mg/L",TEXT(J19,"0.0")&" %"),"") -> 0.000 mg/L | K20: 결과 | L20: =IFERROR(IF(OR(J5="-",J7="-"),"부적합",IF(OR(J5="_",J7="_"),"해당 없음",IF(J14<0.4,IF(J17<=0.06,"적 합","부적합"),IF(J19<=15,"적 합","부적합")))),"") -> 적 합 | M20: 현장적용 계수시험 | N20: =IFERROR(IF(N14<=5,TEXT(N17,"0.0")&" mg/L",TEXT(N19,"0.0")&" %"),"") -> 0.0 mg/L | O20: 결과 | P20: =IFERROR(IF(OR(N5="-",N7="-"),"부적합",IF(OR(N5="_",N7="_"),"해당 없음",IF(N14<5,IF(N17<=1,"적 합","부적합"),IF(N19<=20,"적 합","부적합")))),"") -> 적 합 | Q20: 현장적용 계수시험 | R20: =IFERROR(IF(R14<=20,TEXT(R17,"0.0")&" mg/L",TEXT(R19,"0.0")&" %"),"") -> 0.0 mg/L | S20: 결과 | T20: =IFERROR(IF(OR(R5="-",R7="-"),"부적합",IF(OR(R5="_",R7="_"),"해당 없음",IF(R14<20,IF(R17<=3,"적 합","부적합"),IF(R19<=15,"적 합","부적합")))),"") -> 적 합
A22: =IF(B13<(B9/2),"배출기준에 의한 식으로 구하여 15.0 % 이하","주시험법 기준농도의 15.0 % 또는 0.45 mg/L(측정값이 3.0 mg/L 이하에 적용) 이하") -> 주시험법 기준농도의 15.0 % 또는 0.45 mg/L(측정값이 3.0 mg/L 이하에 적용) 이하

Sheet Sheet3
A1: 순서 | B1: pH | W1: 측정순서 | X1: ph
B2: 1회 | X2: 노란테이블에서 가져올 데이터 | Y2: 순서에 맞게 뽑은 데이터 | AA2: ph경우의수
A3: 1 | W3: 7 | X3: =IF(B3="","",B3) | Y3: =IF(W2=AA3,X30,IF(W2=AA4,X30,IF(W2=AA5,X30,IF(W2=AA6,X30,IF(W2=AA7,X30,IF(W2=AA8,X30,IF(W2=AA9,X9,IF(W2=AA10,X9,IF(W2=AA11,X9,IF(W2=AA12,X9,IF(W2=AA13,X9,IF(W2=AA14,X9,IF(W2=AA15,X18,IF(W2=AA16,X18,IF(W2=AA17,X18,IF(W2=AA18,X18,IF(W2=AA19,X18,IF(W2=AA20,X18,IF(W2=AA21,X3,IF(W2=AA22,X3,IF(W2=AA23,X3,IF(W2=AA24,X3,IF(W2=AA25,X3,IF(W2=AA26,X3,"")))))))))))))))))))))))) | Z3: 1 | AA3: 44444444777101010444777444777747474
A4: 2 | I4: 수질 | W4: 4 | X4: =IF(B4="","",B4) | Y4: =IF(W2=AA3,X31,IF(W2=AA4,X31,IF(W2=AA5,X31,IF(W2=AA6,X31,IF(W2=AA7,X31,IF(W2=AA8,X31,IF(W2=AA9,X10,IF(W2=AA10,X10,IF(W2=AA11,X10,IF(W2=AA12,X10,IF(W2=AA13,X10,IF(W2=AA14,X10,IF(W2=AA15,X19,IF(W2=AA16,X19,IF(W2=AA17,X19,IF(W2=AA18,X19,IF(W2=AA19,X19,IF(W2=AA20,X19,IF(W2=AA21,X4,IF(W2=AA22,X4,IF(W2=AA23,X4,IF(W2=AA24,X4,IF(W2=AA25,X4,IF(W2=AA26,X4,"")))))))))))))))))))))))) | Z4: 2 | AA4: 44444444777101010747474444777444777
A5: 3 | I5: 측정값 | J5: 수분석 | W5: 7 | X5: =IF(B5="","",B5) | Y5: =IF(W2=AA3,X32,IF(W2=AA4,X32,IF(W2=AA5,X32,IF(W2=AA6,X32,IF(W2=AA7,X32,IF(W2=AA8,X32,IF(W2=AA9,X11,IF(W2=AA10,X11,IF(W2=AA11,X11,IF(W2=AA12,X11,IF(W2=AA13,X11,IF(W2=AA14,X11,IF(W2=AA15,X20,IF(W2=AA16,X20,IF(W2=AA17,X20,IF(W2=AA18,X20,IF(W2=AA19,X20,IF(W2=AA20,X20,IF(W2=AA21,X5,IF(W2=AA22,X5,IF(W2=AA23,X5,IF(W2=AA24,X5,IF(W2=AA25,X5,IF(W2=AA26,X5,"")))))))))))))))))))))))) | Z5: 3 | AA5: 44444444777444777444777101010747474
A6: 4 | W6: 4 | X6: =IF(B6="","",B6) | Y6: =IF(W2=AA3,X33,IF(W2=AA4,X33,IF(W2=AA5,X33,IF(W2=AA6,X33,IF(W2=AA7,X33,IF(W2=AA8,X33,IF(W2=AA9,X12,IF(W2=AA10,X12,IF(W2=AA11,X12,IF(W2=AA12,X12,IF(W2=AA13,X12,IF(W2=AA14,X12,IF(W2=AA15,X21,IF(W2=AA16,X21,IF(W2=AA17,X21,IF(W2=AA18,X21,IF(W2=AA19,X21,IF(W2=AA20,X21,IF(W2=AA21,X6,IF(W2=AA22,X6,IF(W2=AA23,X6,IF(W2=AA24,X6,IF(W2=AA25,X6,IF(W2=AA26,X6,"")))))))))))))))))))))))) | Z6: 4 | AA6: 44444444777444777747474444777101010
A7: 5 | W7: 7 | X7: =IF(B7="","",B7) | Y7: =IF(W2=AA3,X34,IF(W2=AA4,X34,IF(W2=AA5,X34,IF(W2=AA6,X34,IF(W2=AA7,X34,IF(W2=AA8,X34,IF(W2=AA9,X13,IF(W2=AA10,X13,IF(W2=AA11,X13,IF(W2=AA12,X13,IF(W2=AA13,X13,IF(W2=AA14,X13,IF(W2=AA15,X22,IF(W2=AA16,X22,IF(W2=AA17,X22,IF(W2=AA18,X22,IF(W2=AA19,X22,IF(W2=AA20,X22,IF(W2=AA21,X7,IF(W2=AA22,X7,IF(W2=AA23,X7,IF(W2=AA24,X7,IF(W2=AA25,X7,IF(W2=AA26,X7,"")))))))))))))))))))))))) | Z7: 5 | AA7: 44444747474444777101010444777444777
A8: 6 | W8: 4 | X8: =IF(B8="","",B8) | Y8: =IF(W2=AA3,X9,IF(W2=AA4,X9,IF(W2=AA5,X18,IF(W2=AA6,X18,IF(W2=AA7,X3,IF(W2=AA8,X3,IF(W2=AA9,X14,IF(W2=AA10,X14,IF(W2=AA11,X14,IF(W2=AA12,X14,IF(W2=AA13,X14,IF(W2=AA14,X14,IF(W2=AA15,X23,IF(W2=AA16,X23,IF(W2=AA17,X23,IF(W2=AA18,X23,IF(W2=AA19,X23,IF(W2=AA20,X23,IF(W2=AA21,X8,IF(W2=AA22,X8,IF(W2=AA23,X8,IF(W2=AA24,X8,IF(W2=AA25,X8,IF(W2=AA26,X8,"")))))))))))))))))))))))) | Z8: 6 | AA8: 44444747474444777444777444777101010
A9: 7 | W9: 4 | X9: =IF(B21="","",B21) | Y9: =IF(W2=AA3,X10,IF(W2=AA4,X10,IF(W2=AA5,X19,IF(W2=AA6,X19,IF(W2=AA7,X4,IF(W2=AA8,X4,IF(W2=AA9,X15,IF(W2=AA10,X15,IF(W2=AA11,X15,IF(W2=AA12,X15,IF(W2=AA13,X15,IF(W2=AA14,X15,IF(W2=AA15,X24,IF(W2=AA16,X24,IF(W2=AA17,X24,IF(W2=AA18,X24,IF(W2=AA19,X24,IF(W2=AA20,X24,IF(W2=AA21,X30,IF(W2=AA22,X30,IF(W2=AA23,X9,IF(W2=AA24,X9,IF(W2=AA25,X18,IF(W2=AA26,X18,"")))))))))))))))))))))))) | Z9: 7 | AA9: 44477710101044444444777444777747474
A10: 8 | W10: 4 | X10: =IF(B22="","",B22) | Y10: =IF(W2=AA3,X11,IF(W2=AA4,X11,IF(W2=AA5,X20,IF(W2=AA6,X20,IF(W2=AA7,X5,IF(W2=AA8,X5,IF(W2=AA9,X16,IF(W2=AA10,X16,IF(W2=AA11,X16,IF(W2=AA12,X16,IF(W2=AA13,X16,IF(W2=AA14,X16,IF(W2=AA15,X25,IF(W2=AA16,X25,IF(W2=AA17,X25,IF(W2=AA18,X25,IF(W2=AA19,X25,IF(W2=AA20,X25,IF(W2=AA21,X31,IF(W2=AA22,X31,IF(W2=AA23,X10,IF(W2=AA24,X10,IF(W2=AA25,X19,IF(W2=AA26,X19,"")))))))))))))))))))))))) | Z10: 8 | AA10: 44477710101044444747474444777444777
A11: 9 | P11: I11 | W11: 4 | X11: =IF(B23="","",B23) | Y11: =IF(W2=AA3,X12,IF(W2=AA4,X12,IF(W2=AA5,X21,IF(W2=AA6,X21,IF(W2=AA7,X6,IF(W2=AA8,X6,IF(W2=AA9,X17,IF(W2=AA10,X17,IF(W2=AA11,X17,IF(W2=AA12,X17,IF(W2=AA13,X17,IF(W2=AA14,X17,IF(W2=AA15,X26,IF(W2=AA16,X26,IF(W2=AA17,X26,IF(W2=AA18,X26,IF(W2=AA19,X26,IF(W2=AA20,X26,IF(W2=AA21,X32,IF(W2=AA22,X32,IF(W2=AA23,X11,IF(W2=AA24,X11,IF(W2=AA25,X20,IF(W2=AA26,X20,"")))))))))))))))))))))))) | Z11: 9 | AA11: 44477710101044477744477744444747474
A12: 10 | W12: 7 | X12: =IF(B24="","",B24) | Y12: =IF(W2=AA3,X13,IF(W2=AA4,X13,IF(W2=AA5,X22,IF(W2=AA6,X22,IF(W2=AA7,X7,IF(W2=AA8,X7,IF(W2=AA9,X30,IF(W2=AA10,X30,IF(W2=AA11,X18,IF(W2=AA12,X18,IF(W2=AA13,X3,IF(W2=AA14,X3,IF(W2=AA15,X27,IF(W2=AA16,X27,IF(W2=AA17,X27,IF(W2=AA18,X27,IF(W2=AA19,X27,IF(W2=AA20,X27,IF(W2=AA21,X33,IF(W2=AA22,X33,IF(W2=AA23,X12,IF(W2=AA24,X12,IF(W2=AA25,X21,IF(W2=AA26,X21,"")))))))))))))))))))))))) | Z12: 10 | AA12: 44477710101044477744477774747444444
A13: 11 | W13: 7 | X13: =IF(B25="","",B25) | Y13: =IF(W2=AA3,X14,IF(W2=AA4,X14,IF(W2=AA5,X23,IF(W2=AA6,X23,IF(W2=AA7,X8,IF(W2=AA8,X8,IF(W2=AA9,X31,IF(W2=AA10,X31,IF(W2=AA11,X19,IF(W2=AA12,X19,IF(W2=AA13,X4,IF(W2=AA14,X4,IF(W2=AA15,X28,IF(W2=AA16,X28,IF(W2=AA17,X28,IF(W2=AA18,X28,IF(W2=AA19,X28,IF(W2=AA20,X28,IF(W2=AA21,X34,IF(W2=AA22,X34,IF(W2=AA23,X13,IF(W2=AA24,X13,IF(W2=AA25,X22,IF(W2=AA26,X22,"")))))))))))))))))))))))) | Z13: 11 | AA13: 44477710101074747444444444777444777
A14: 12 | W14: 7 | X14: =IF(B26="","",B26) | Y14: =IF(W2=AA3,X15,IF(W2=AA4,X15,IF(W2=AA5,X24,IF(W2=AA6,X24,IF(W2=AA7,X9,IF(W2=AA8,X18,IF(W2=AA9,X32,IF(W2=AA10,X32,IF(W2=AA11,X20,IF(W2=AA12,X20,IF(W2=AA13,X5,IF(W2=AA14,X5,IF(W2=AA15,X29,IF(W2=AA16,X29,IF(W2=AA17,X29,IF(W2=AA18,X29,IF(W2=AA19,X29,IF(W2=AA20,X29,IF(W2=AA21,X9,IF(W2=AA22,X18,IF(W2=AA23,X14,IF(W2=AA24,X14,IF(W2=AA25,X23,IF(W2=AA26,X23,"")))))))))))))))))))))))) | Z14: 12 | AA14: 44477710101074747444477744477744444
A15: 13 | W15: 10 | X15: =IF(B27="","",B27) | Y15: =IF(W2=AA3,X16,IF(W2=AA4,X16,IF(W2=AA5,X25,IF(W2=AA6,X25,IF(W2=AA7,X10,IF(W2=AA8,X19,IF(W2=AA9,X33,IF(W2=AA10,X33,IF(W2=AA11,X21,IF(W2=AA12,X21,IF(W2=AA13,X6,IF(W2=AA14,X6,IF(W2=AA15,X30,IF(W2=AA16,X30,IF(W2=AA17,X9,IF(W2=AA18,X9,IF(W2=AA19,X3,IF(W2=AA20,X3,IF(W2=AA21,X10,IF(W2=AA22,X19,IF(W2=AA23,X15,IF(W2=AA24,X15,IF(W2=AA25,X24,IF(W2=AA26,X24,"")))))))))))))))))))))))) | Z15: 13 | AA15: 44477744477744444444777101010747474
A16: 14 | W16: 10 | X16: =IF(B28="","",B28) | Y16: =IF(W2=AA3,X17,IF(W2=AA4,X17,IF(W2=AA5,X26,IF(W2=AA6,X26,IF(W2=AA7,X11,IF(W2=AA8,X20,IF(W2=AA9,X34,IF(W2=AA10,X34,IF(W2=AA11,X22,IF(W2=AA12,X22,IF(W2=AA13,X7,IF(W2=AA14,X7,IF(W2=AA15,X31,IF(W2=AA16,X31,IF(W2=AA17,X10,IF(W2=AA18,X10,IF(W2=AA19,X4,IF(W2=AA20,X4,IF(W2=AA21,X11,IF(W2=AA22,X20,IF(W2=AA23,X16,IF(W2=AA24,X16,IF(W2=AA25,X25,IF(W2=AA26,X25,"")))))))))))))))))))))))) | Z16: 14 | AA16: 44477744477744444747474444777101010
A17: 15 | W17: 10 | X17: =IF(B29="","",B29) | Y17: =IF(W2=AA3,X18,IF(W2=AA4,X3,IF(W2=AA5,X27,IF(W2=AA6,X27,IF(W2=AA7,X12,IF(W2=AA8,X21,IF(W2=AA9,X18,IF(W2=AA10,X3,IF(W2=AA11,X23,IF(W2=AA12,X23,IF(W2=AA13,X8,IF(W2=AA14,X8,IF(W2=AA15,X32,IF(W2=AA16,X32,IF(W2=AA17,X11,IF(W2=AA18,X11,IF(W2=AA19,X5,IF(W2=AA20,X5,IF(W2=AA21,X12,IF(W2=AA22,X21,IF(W2=AA23,X17,IF(W2=AA24,X17,IF(W2=AA25,X26,IF(W2=AA26,X26,"")))))))))))))))))))))))) | Z17: 15 | AA17: 44477744477744477710101044444747474
A18: 16 | W18: 4 | X18: =IF(B9="","",B9) | Y18: =IF(W2=AA3,X19,IF(W2=AA4,X4,IF(W2=AA5,X28,IF(W2=AA6,X28,IF(W2=AA7,X13,IF(W2=AA8,X22,IF(W2=AA9,X19,IF(W2=AA10,X4,IF(W2=AA11,X24,IF(W2=AA12,X24,IF(W2=AA13,X30,IF(W2=AA14,X18,IF(W2=AA15,X33,IF(W2=AA16,X33,IF(W2=AA17,X12,IF(W2=AA18,X12,IF(W2=AA19,X6,IF(W2=AA20,X6,IF(W2=AA21,X13,IF(W2=AA22,X22,IF(W2=AA23,X30,IF(W2=AA24,X18,IF(W2=AA25,X27,IF(W2=AA26,X27,"")))))))))))))))))))))))) | Z18: 16 | AA18: 44477744477744477710101074747444444
A19: 17 | W19: 4 | X19: =IF(B10="","",B10) | Y19: =IF(W2=AA3,X20,IF(W2=AA4,X5,IF(W2=AA5,X29,IF(W2=AA6,X29,IF(W2=AA7,X14,IF(W2=AA8,X23,IF(W2=AA9,X20,IF(W2=AA10,X5,IF(W2=AA11,X25,IF(W2=AA12,X25,IF(W2=AA13,X31,IF(W2=AA14,X19,IF(W2=AA15,X34,IF(W2=AA16,X34,IF(W2=AA17,X13,IF(W2=AA18,X13,IF(W2=AA19,X7,IF(W2=AA20,X7,IF(W2=AA21,X14,IF(W2=AA22,X23,IF(W2=AA23,X31,IF(W2=AA24,X19,IF(W2=AA25,X28,IF(W2=AA26,X28,"")))))))))))))))))))))))) | Z19: 17 | AA19: 44477744477774747444444444777101010
A20: 18 | W20: 4 | X20: =IF(B11="","",B11) | Y20: =IF(W2=AA3,X21,IF(W2=AA4,X6,IF(W2=AA5,X9,IF(W2=AA6,X3,IF(W2=AA7,X15,IF(W2=AA8,X24,IF(W2=AA9,X21,IF(W2=AA10,X6,IF(W2=AA11,X26,IF(W2=AA12,X26,IF(W2=AA13,X32,IF(W2=AA14,X20,IF(W2=AA15,X9,IF(W2=AA16,X3,IF(W2=AA17,X14,IF(W2=AA18,X14,IF(W2=AA19,X8,IF(W2=AA20,X8,IF(W2=AA21,X15,IF(W2=AA22,X24,IF(W2=AA23,X32,IF(W2=AA24,X20,IF(W2=AA25,X29,IF(W2=AA26,X29,"")))))))))))))))))))))))) | Z20: 18 | AA20: 44477744477774747444477710101044444
A21: 19 | W21: 7 | X21: =IF(B12="","",B12) | Y21: =IF(W2=AA3,X22,IF(W2=AA4,X7,IF(W2=AA5,X10,IF(W2=AA6,X4,IF(W2=AA7,X16,IF(W2=AA8,X25,IF(W2=AA9,X22,IF(W2=AA10,X7,IF(W2=AA11,X27,IF(W2=AA12,X27,IF(W2=AA13,X33,IF(W2=AA14,X21,IF(W2=AA15,X10,IF(W2=AA16,X4,IF(W2=AA17,X15,IF(W2=AA18,X15,IF(W2=AA19,X30,IF(W2=AA20,X9,IF(W2=AA21,X16,IF(W2=AA22,X25,IF(W2=AA23,X33,IF(W2=AA24,X21,IF(W2=AA25,X30,IF(W2=AA26,X9,"")))))))))))))))))))))))) | Z21: 19 | AA21: 74747444444444777101010444777444777
A22: 20 | W22: 7 | X22: =IF(B13="","",B13) | Y22: =IF(W2=AA3,X23,IF(W2=AA4,X8,IF(W2=AA5,X11,IF(W2=AA6,X5,IF(W2=AA7,X17,IF(W2=AA8,X26,IF(W2=AA9,X23,IF(W2=AA10,X8,IF(W2=AA11,X28,IF(W2=AA12,X28,IF(W2=AA13,X34,IF(W2=AA14,X22,IF(W2=AA15,X11,IF(W2=AA16,X5,IF(W2=AA17,X16,IF(W2=AA18,X16,IF(W2=AA19,X31,IF(W2=AA20,X10,IF(W2=AA21,X17,IF(W2=AA22,X26,IF(W2=AA23,X34,IF(W2=AA24,X22,IF(W2=AA25,X31,IF(W2=AA26,X10,"")))))))))))))))))))))))) | Z22: 20 | AA22: 74747444444444777444777444777101010
A23: 21 | W23: 7 | X23: =IF(B14="","",B14) | Y23: =IF(W2=AA3,X24,IF(W2=AA4,X18,IF(W2=AA5,X12,IF(W2=AA6,X6,IF(W2=AA7,X18,IF(W2=AA8,X27,IF(W2=AA9,X24,IF(W2=AA10,X18,IF(W2=AA11,X29,IF(W2=AA12,X29,IF(W2=AA13,X18,IF(W2=AA14,X23,IF(W2=AA15,X12,IF(W2=AA16,X6,IF(W2=AA17,X17,IF(W2=AA18,X17,IF(W2=AA19,X32,IF(W2=AA20,X11,IF(W2=AA21,X18,IF(W2=AA22,X27,IF(W2=AA23,X18,IF(W2=AA24,X23,IF(W2=AA25,X32,IF(W2=AA26,X11,"")))))))))))))))))))))))) | Z23: 21 | AA23: 74747444477710101044444444777444777
A24: 22 | W24: 4 | X24: =IF(B15="","",B15) | Y24: =IF(W2=AA3,X25,IF(W2=AA4,X19,IF(W2=AA5,X13,IF(W2=AA6,X7,IF(W2=AA7,X19,IF(W2=AA8,X28,IF(W2=AA9,X25,IF(W2=AA10,X19,IF(W2=AA11,X30,IF(W2=AA12,X3,IF(W2=AA13,X19,IF(W2=AA14,X24,IF(W2=AA15,X13,IF(W2=AA16,X7,IF(W2=AA17,X30,IF(W2=AA18,X3,IF(W2=AA19,X33,IF(W2=AA20,X12,IF(W2=AA21,X19,IF(W2=AA22,X28,IF(W2=AA23,X19,IF(W2=AA24,X24,IF(W2=AA25,X33,IF(W2=AA26,X12,"")))))))))))))))))))))))) | Z24: 22 | AA24: 74747444477710101044477744477744444
A25: 23 | W25: 4 | X25: =IF(B16="","",B16) | Y25: =IF(W2=AA3,X26,IF(W2=AA4,X20,IF(W2=AA5,X14,IF(W2=AA6,X8,IF(W2=AA7,X20,IF(W2=AA8,X29,IF(W2=AA9,X26,IF(W2=AA10,X20,IF(W2=AA11,X31,IF(W2=AA12,X4,IF(W2=AA13,X20,IF(W2=AA14,X25,IF(W2=AA15,X14,IF(W2=AA16,X8,IF(W2=AA17,X31,IF(W2=AA18,X4,IF(W2=AA19,X34,IF(W2=AA20,X13,IF(W2=AA21,X20,IF(W2=AA22,X29,IF(W2=AA23,X20,IF(W2=AA24,X25,IF(W2=AA25,X34,IF(W2=AA26,X13,"")))))))))))))))))))))))) | Z25: 23 | AA25: 74747444477744477744444444777101010
A26: 24 | W26: 4 | X26: =IF(B17="","",B17) | Y26: =IF(W2=AA3,X27,IF(W2=AA4,X21,IF(W2=AA5,X15,IF(W2=AA6,X9,IF(W2=AA7,X21,IF(W2=AA8,X9,IF(W2=AA9,X27,IF(W2=AA10,X21,IF(W2=AA11,X32,IF(W2=AA12,X5,IF(W2=AA13,X21,IF(W2=AA14,X26,IF(W2=AA15,X15,IF(W2=AA16,X9,IF(W2=AA17,X32,IF(W2=AA18,X5,IF(W2=AA19,X9,IF(W2=AA20,X14,IF(W2=AA21,X21,IF(W2=AA22,X9,IF(W2=AA23,X21,IF(W2=AA24,X26,IF(W2=AA25,X9,IF(W2=AA26,X14,"")))))))))))))))))))))))) | Z26: 24 | AA26: 74747444477744477744477710101044444
A27: 25 | V27: I27 | W27: 7 | X27: =IF(B18="","",B18) | Y27: =IF(W2=AA3,X28,IF(W2=AA4,X22,IF(W2=AA5,X16,IF(W2=AA6,X10,IF(W2=AA7,X22,IF(W2=AA8,X10,IF(W2=AA9,X28,IF(W2=AA10,X22,IF(W2=AA11,X33,IF(W2=AA12,X6,IF(W2=AA13,X22,IF(W2=AA14,X27,IF(W2=AA15,X16,IF(W2=AA16,X10,IF(W2=AA17,X33,IF(W2=AA18,X6,IF(W2=AA19,X10,IF(W2=AA20,X15,IF(W2=AA21,X22,IF(W2=AA22,X10,IF(W2=AA23,X22,IF(W2=AA24,X27,IF(W2=AA25,X10,IF(W2=AA26,X15,""))))))))))))))))))))))))
A28: 26 | W28: 7 | X28: =IF(B19="","",B19) | Y28: =IF(W2=AA3,X29,IF(W2=AA4,X23,IF(W2=AA5,X17,IF(W2=AA6,X11,IF(W2=AA7,X23,IF(W2=AA8,X11,IF(W2=AA9,X29,IF(W2=AA10,X23,IF(W2=AA11,X34,IF(W2=AA12,X7,IF(W2=AA13,X23,IF(W2=AA14,X28,IF(W2=AA15,X17,IF(W2=AA16,X11,IF(W2=AA17,X34,IF(W2=AA18,X7,IF(W2=AA19,X11,IF(W2=AA20,X16,IF(W2=AA21,X23,IF(W2=AA22,X11,IF(W2=AA23,X23,IF(W2=AA24,X28,IF(W2=AA25,X11,IF(W2=AA26,X16,""))))))))))))))))))))))))
A29: 27 | W29: 7 | X29: =IF(B20="","",B20) | Y29: =IF(W2=AA3,X3,IF(W2=AA4,X24,IF(W2=AA5,X3,IF(W2=AA6,X12,IF(W2=AA7,X24,IF(W2=AA8,X12,IF(W2=AA9,X3,IF(W2=AA10,X24,IF(W2=AA11,X3,IF(W2=AA12,X8,IF(W2=AA13,X24,IF(W2=AA14,X29,IF(W2=AA15,X3,IF(W2=AA16,X12,IF(W2=AA17,X3,IF(W2=AA18,X8,IF(W2=AA19,X12,IF(W2=AA20,X17,IF(W2=AA21,X24,IF(W2=AA22,X12,IF(W2=AA23,X24,IF(W2=AA24,X29,IF(W2=AA25,X12,IF(W2=AA26,X17,""))))))))))))))))))))))))
A30: 28 | W30: 4 | X30: =IF(B30="","",B30) | Y30: =IF(W2=AA3,X4,IF(W2=AA4,X25,IF(W2=AA5,X4,IF(W2=AA6,X13,IF(W2=AA7,X25,IF(W2=AA8,X13,IF(W2=AA9,X4,IF(W2=AA10,X25,IF(W2=AA11,X4,IF(W2=AA12,X30,IF(W2=AA13,X25,IF(W2=AA14,X30,IF(W2=AA15,X4,IF(W2=AA16,X13,IF(W2=AA17,X4,IF(W2=AA18,X30,IF(W2=AA19,X13,IF(W2=AA20,X30,IF(W2=AA21,X25,IF(W2=AA22,X13,IF(W2=AA23,X25,IF(W2=AA24,X30,IF(W2=AA25,X13,IF(W2=AA26,X30,""))))))))))))))))))))))))
A31: 29 | W31: 4 | X31: =IF(B31="","",B31) | Y31: =IF(W2=AA3,X5,IF(W2=AA4,X26,IF(W2=AA5,X5,IF(W2=AA6,X14,IF(W2=AA7,X26,IF(W2=AA8,X14,IF(W2=AA9,X5,IF(W2=AA10,X26,IF(W2=AA11,X5,IF(W2=AA12,X31,IF(W2=AA13,X26,IF(W2=AA14,X31,IF(W2=AA15,X5,IF(W2=AA16,X14,IF(W2=AA17,X5,IF(W2=AA18,X31,IF(W2=AA19,X14,IF(W2=AA20,X31,IF(W2=AA21,X26,IF(W2=AA22,X14,IF(W2=AA23,X26,IF(W2=AA24,X31,IF(W2=AA25,X14,IF(W2=AA26,X31,""))))))))))))))))))))))))
A32: 30 | W32: 4 | X32: =IF(B32="","",B32) | Y32: =IF(W2=AA3,X6,IF(W2=AA4,X27,IF(W2=AA5,X6,IF(W2=AA6,X15,IF(W2=AA7,X27,IF(W2=AA8,X15,IF(W2=AA9,X6,IF(W2=AA10,X27,IF(W2=AA11,X6,IF(W2=AA12,X32,IF(W2=AA13,X27,IF(W2=AA14,X32,IF(W2=AA15,X6,IF(W2=AA16,X15,IF(W2=AA17,X6,IF(W2=AA18,X32,IF(W2=AA19,X15,IF(W2=AA20,X32,IF(W2=AA21,X27,IF(W2=AA22,X15,IF(W2=AA23,X27,IF(W2=AA24,X32,IF(W2=AA25,X15,IF(W2=AA26,X32,""))))))))))))))))))))))))
A33: 31 | W33: 4 | X33: =IF(B33="","",B33) | Y33: =IF(W2=AA3,X7,IF(W2=AA4,X28,IF(W2=AA5,X7,IF(W2=AA6,X16,IF(W2=AA7,X28,IF(W2=AA8,X16,IF(W2=AA9,X7,IF(W2=AA10,X28,IF(W2=AA11,X7,IF(W2=AA12,X33,IF(W2=AA13,X28,IF(W2=AA14,X33,IF(W2=AA15,X7,IF(W2=AA16,X16,IF(W2=AA17,X7,IF(W2=AA18,X33,IF(W2=AA19,X16,IF(W2=AA20,X33,IF(W2=AA21,X28,IF(W2=AA22,X16,IF(W2=AA23,X28,IF(W2=AA24,X33,IF(W2=AA25,X16,IF(W2=AA26,X33,""))))))))))))))))))))))))
A34: 32 | W34: 4 | X34: =IF(B34="","",B34) | Y34: =IF(W2=AA3,X8,IF(W2=AA4,X29,IF(W2=AA5,X8,IF(W2=AA6,X17,IF(W2=AA7,X29,IF(W2=AA8,X17,IF(W2=AA9,X8,IF(W2=AA10,X29,IF(W2=AA11,X8,IF(W2=AA12,X34,IF(W2=AA13,X29,IF(W2=AA14,X34,IF(W2=AA15,X8,IF(W2=AA16,X17,IF(W2=AA17,X8,IF(W2=AA18,X34,IF(W2=AA19,X17,IF(W2=AA20,X34,IF(W2=AA21,X29,IF(W2=AA22,X17,IF(W2=AA23,X29,IF(W2=AA24,X34,IF(W2=AA25,X17,IF(W2=AA26,X34,""))))))))))))))))))))))))
A38: 순서 | B38: TOC, TN, TP, SS, COD (mg/L) | W38: 측정순서 | X38: TOC,TN,TP,SS
B39: 1회 | X39: 노란테이블에서 가져올 데이터 | Y39: 순서에 맞게 뽑은 데이터
A40: 1 | W40: M1 | X40: =IF(B40="","",B40) | Y40: =IF(MID(W39,1,4)="zszz",X43,IF(MID(W39,1,4)="szss",X44,IF(MID(W39,1,4)="zzss",X45,IF(MID(W39,1,4)="sszz",X47,IF(MID(W39,1,5)="MMMZS",X40,IF(MID(W39,1,5)="MMMZZ",X40,IF(MID(W39,1,4)="ZSMM",X43,IF(MID(W39,1,4)="SZMM",X44,IF(MID(W39,1,5)="MMMSS",X40,IF(MID(W39,1,5)="MMMSZ",X40,X40))))))))))
A41: 2 | W41: M2 | X41: =IF(B41="","",B41) | Y41: =IF(MID(W39,1,4)="zszz",X44,IF(MID(W39,1,4)="szss",X43,IF(MID(W39,1,4)="zzss",X46,IF(MID(W39,1,4)="sszz",X48,IF(MID(W39,1,5)="MMMZS",X41,IF(MID(W39,1,5)="MMMZZ",X41,IF(MID(W39,1,4)="ZSMM",X44,IF(MID(W39,1,4)="SZMM",X43,IF(MID(W39,1,5)="MMMSS",X41,IF(MID(W39,1,5)="MMMSZ",X41,X41))))))))))
A42: 3 | W42: M3 | X42: =IF(B42="","",B42) | Y42: =IF(MID(W39,1,4)="zszz",X45,IF(MID(W39,1,4)="szss",X47,IF(MID(W39,1,4)="zzss",X47,IF(MID(W39,1,4)="sszz",X45,IF(MID(W39,1,5)="MMMZS",X42,IF(MID(W39,1,5)="MMMZZ",X42,IF(MID(W39,1,4)="ZSMM",X40,IF(MID(W39,1,4)="SZMM",X40,IF(MID(W39,1,5)="MMMSS",X42,IF(MID(W39,1,5)="MMMSZ",X42,X42))))))))))
A43: 4 | W43: Z5 | X43: =IF(B51="","",B51) | Y43: =IF(MID(W39,1,4)="zszz",X46,IF(MID(W39,1,4)="szss",X48,IF(MID(W39,1,4)="zzss",X48,IF(MID(W39,1,4)="sszz",X46,IF(MID(W39,1,5)="MMMZS",X43,IF(MID(W39,1,5)="MMMZZ",X45,IF(MID(W39,1,4)="ZSMM",X41,IF(MID(W39,1,4)="SZMM",X41,IF(MID(W39,1,5)="MMMSS",X47,IF(MID(W39,1,5)="MMMSZ",X44,X43))))))))))
A44: 5 | W44: S5 | X44: =IF(B52="","",B52) | Y44: =IF(MID(W39,5,9)="sszzssmmm",X47,IF(MID(W39,5,9)="ssmmmzzss",X47,IF(MID(W39,5,9)="zzsszzmmm",X45,IF(MID(W39,5,9)="zzmmmsszz",X45,IF(MID(W39,5,9)="zzsszsmmm",X49,IF(MID(W39,5,9)="mmmzzsszs",X40,IF(MID(W39,5,9)="mmmzszzss",X40,IF(MID(W39,5,9)="sszzszmmm",X51,IF(MID(W39,5,9)="mmmszsszz",X40,IF(MID(W39,5,9)="mmmsszzsz",X40,IF(MID(W39,5,9)="szzsszzss",X44,IF(MID(W39,5,9)="zsszzsszs",X46,IF(MID(W39,5,9)="mzzsszzss",X42,IF(MID(W39,5,9)="msszzsszz",X42,IF(MID(W39,5,9)="zsmmmzzss",X43,IF(MID(W39,5,9)="szmmmsszz",X44,IF(MID(W39,5,9)="zszzssmmm",X43,IF(MID(W39,5,9)="szsszzmmm",X44,IF(MID(W39,5,9)="zsszszzss",X46,IF(MID(W39,5,9)="szzszsszz",X48,IF(MID(W39,5,9)="zsszzsszz",X43,X44)))))))))))))))))))))
A45: 6 | W45: Z1 | X45: =IF(B43="","",B43) | Y45: =IF(MID(W39,5,9)="sszzssmmm",X48,IF(MID(W39,5,9)="ssmmmzzss",X48,IF(MID(W39,5,9)="zzsszzmmm",X46,IF(MID(W39,5,9)="zzmmmsszz",X46,IF(MID(W39,5,9)="zzsszsmmm",X50,IF(MID(W39,5,9)="mmmzzsszs",X41,IF(MID(W39,5,9)="mmmzszzss",X41,IF(MID(W39,5,9)="sszzszmmm",X52,IF(MID(W39,5,9)="mmmszsszz",X41,IF(MID(W39,5,9)="mmmsszzsz",X41,IF(MID(W39,5,9)="szzsszzss",X45,IF(MID(W39,5,9)="zsszzsszs",X47,IF(MID(W39,5,9)="mzzsszzss",X45,IF(MID(W39,5,9)="msszzsszz",X47,IF(MID(W39,5,9)="zsmmmzzss",X44,IF(MID(W39,5,9)="szmmmsszz",X43,IF(MID(W39,5,9)="zszzssmmm",X44,IF(MID(W39,5,9)="szsszzmmm",X43,IF(MID(W39,5,9)="zsszszzss",X47,IF(MID(W39,5,9)="szzszsszz",X45,IF(MID(W39,5,9)="zsszzsszz",X47,X45)))))))))))))))))))))
A46: 7 | W46: Z2 | X46: =IF(B44="","",B44) | Y46: =IF(MID(W39,5,9)="sszzssmmm",X49,IF(MID(W39,5,9)="ssmmmzzss",X40,IF(MID(W39,5,9)="zzsszzmmm",X51,IF(MID(W39,5,9)="zzmmmsszz",X40,IF(MID(W39,5,9)="zzsszsmmm",X51,IF(MID(W39,5,9)="mmmzzsszs",X42,IF(MID(W39,5,9)="mmmzszzss",X42,IF(MID(W39,5,9)="sszzszmmm",X49,IF(MID(W39,5,9)="mmmszsszz",X42,IF(MID(W39,5,9)="mmmsszzsz",X42,IF(MID(W39,5,9)="szzsszzss",X46,IF(MID(W39,5,9)="zsszzsszs",X48,IF(MID(W39,5,9)="mzzsszzss",X46,IF(MID(W39,5,9)="msszzsszz",X48,IF(MID(W39,5,9)="zsmmmzzss",X40,IF(MID(W39,5,9)="szmmmsszz",X40,IF(MID(W39,5,9)="zszzssmmm",X49,IF(MID(W39,5,9)="szsszzmmm",X51,IF(MID(W39,5,9)="zsszszzss",X48,IF(MID(W39,5,9)="szzszsszz",X46,IF(MID(W39,5,9)="zsszzsszz",X48,X46)))))))))))))))))))))
A47: 8 | W47: S1 | X47: =IF(B45="","",B45) | Y47: =IF(MID(W39,5,9)="sszzssmmm",X50,IF(MID(W39,5,9)="ssmmmzzss",X41,IF(MID(W39,5,9)="zzsszzmmm",X52,IF(MID(W39,5,9)="zzmmmsszz",X41,IF(MID(W39,5,9)="zzsszsmmm",X52,IF(MID(W39,5,9)="mmmzzsszs",X49,IF(MID(W39,5,9)="mmmzszzss",X43,IF(MID(W39,5,9)="sszzszmmm",X50,IF(MID(W39,5,9)="mmmszsszz",X44,IF(MID(W39,5,9)="mmmsszzsz",X51,IF(MID(W39,5,9)="szzsszzss",X47,IF(MID(W39,5,9)="zsszzsszs",X49,IF(MID(W39,5,9)="mzzsszzss",X47,IF(MID(W39,5,9)="msszzsszz",X45,IF(MID(W39,5,9)="zsmmmzzss",X41,IF(MID(W39,5,9)="szmmmsszz",X41,IF(MID(W39,5,9)="zszzssmmm",X50,IF(MID(W39,5,9)="szsszzmmm",X52,IF(MID(W39,5,9)="zsszszzss",X43,IF(MID(W39,5,9)="szzszsszz",X44,IF(MID(W39,5,9)="zsszzsszz",X45,X47)))))))))))))))))))))
A48: 9 | V48: I48 | W48: S2 | X48: =IF(B46="","",B46) | Y48: =IF(MID(W39,5,9)="sszzssmmm",X51,IF(MID(W39,5,9)="ssmmmzzss",X42,IF(MID(W39,5,9)="zzsszzmmm",X49,IF(MID(W39,5,9)="zzmmmsszz",X42,IF(MID(W39,5,9)="zzsszsmmm",X43,IF(MID(W39,5,9)="mmmzzsszs",X50,IF(MID(W39,5,9)="mmmzszzss",X44,IF(MID(W39,5,9)="sszzszmmm",X44,IF(MID(W39,5,9)="mmmszsszz",X43,IF(MID(W39,5,9)="mmmsszzsz",X52,IF(MID(W39,5,9)="szzsszzss",X48,IF(MID(W39,5,9)="zsszzsszs",X50,IF(MID(W39,5,9)="mzzsszzss",X48,IF(MID(W39,5,9)="msszzsszz",X46,IF(MID(W39,5,9)="zsmmmzzss",X42,IF(MID(W39,5,9)="szmmmsszz",X42,IF(MID(W39,5,9)="zszzssmmm",X51,IF(MID(W39,5,9)="szsszzmmm",X49,IF(MID(W39,5,9)="zsszszzss",X44,IF(MID(W39,5,9)="szzszsszz",X43,IF(MID(W39,5,9)="zsszzsszz",X46,X48)))))))))))))))))))))
A49: 10 | W49: Z3 | X49: =IF(B47="","",B47) | Y49: =IF(MID(W39,5,9)="sszzssmmm",X52,IF(MID(W39,5,9)="ssmmmzzss",X49,IF(MID(W39,5,9)="zzsszzmmm",X50,IF(MID(W39,5,9)="zzmmmsszz",X51,IF(MID(W39,5,9)="zzsszsmmm",X44,IF(MID(W39,5,9)="mmmzzsszs",X51,IF(MID(W39,5,9)="mmmzszzss",X49,IF(MID(W39,5,9)="sszzszmmm",X43,IF(MID(W39,5,9)="mmmszsszz",X51,IF(MID(W39,5,9)="mmmsszzsz",X49,IF(MID(W39,5,9)="szzsszzss",X49,IF(MID(W39,5,9)="zsszzsszs",X51,IF(MID(W39,5,9)="mzzsszzss",X49,IF(MID(W39,5,9)="msszzsszz",X51,IF(MID(W39,5,9)="zsmmmzzss",X49,IF(MID(W39,5,9)="szmmmsszz",X51,IF(MID(W39,5,9)="zszzssmmm",X52,IF(MID(W39,5,9)="szsszzmmm",X50,IF(MID(W39,5,9)="zsszszzss",X49,IF(MID(W39,5,9)="szzszsszz",X51,IF(MID(W39,5,9)="zsszzsszz",X51,X49)))))))))))))))))))))
A50: 11 | W50: Z4 | X50: =IF(B48="","",B48) | Y50: =IF(MID(W39,5,9)="sszzssmmm",X40,IF(MID(W39,5,9)="ssmmmzzss",X50,IF(MID(W39,5,9)="zzsszzmmm",X40,IF(MID(W39,5,9)="zzmmmsszz",X52,IF(MID(W39,5,9)="zzsszsmmm",X40,IF(MID(W39,5,9)="mmmzzsszs",X52,IF(MID(W39,5,9)="mmmzszzss",X50,IF(MID(W39,5,9)="sszzszmmm",X40,IF(MID(W39,5,9)="mmmszsszz",X52,IF(MID(W39,5,9)="mmmsszzsz",X50,IF(MID(W39,5,9)="szzsszzss",X50,IF(MID(W39,5,9)="zsszzsszs",X52,IF(MID(W39,5,9)="mzzsszzss",X50,IF(MID(W39,5,9)="msszzsszz",X52,IF(MID(W39,5,9)="zsmmmzzss",X50,IF(MID(W39,5,9)="szmmmsszz",X52,IF(MID(W39,5,9)="zszzssmmm",X40,IF(MID(W39,5,9)="szsszzmmm",X40,IF(MID(W39,5,9)="zsszszzss",X50,IF(MID(W39,5,9)="szzszsszz",X52,IF(MID(W39,5,9)="zsszzsszz",X52,X50)))))))))))))))))))))
A51: 12 | W51: S3 | X51: =IF(B49="","",B49) | Y51: =IF(MID(W39,5,9)="sszzssmmm",X41,IF(MID(W39,5,9)="ssmmmzzss",X51,IF(MID(W39,5,9)="zzsszzmmm",X41,IF(MID(W39,5,9)="zzmmmsszz",X49,IF(MID(W39,5,9)="zzsszsmmm",X41,IF(MID(W39,5,9)="mmmzzsszs",X43,IF(MID(W39,5,9)="mmmzszzss",X51,IF(MID(W39,5,9)="sszzszmmm",X41,IF(MID(W39,5,9)="mmmszsszz",X49,IF(MID(W39,5,9)="mmmsszzsz",X44,IF(MID(W39,5,9)="szzsszzss",X51,IF(MID(W39,5,9)="zsszzsszs",X43,IF(MID(W39,5,9)="mzzsszzss",X51,IF(MID(W39,5,9)="msszzsszz",X49,IF(MID(W39,5,9)="zsmmmzzss",X51,IF(MID(W39,5,9)="szmmmsszz",X49,IF(MID(W39,5,9)="zszzssmmm",X41,IF(MID(W39,5,9)="szsszzmmm",X41,IF(MID(W39,5,9)="zsszszzss",X51,IF(MID(W39,5,9)="szzszsszz",X49,IF(MID(W39,5,9)="zsszzsszz",X49,X51)))))))))))))))))))))
A52: 13 | W52: S4 | X52: =IF(B50="","",B50) | Y52: =IF(MID(W39,5,9)="sszzssmmm",X42,IF(MID(W39,5,9)="ssmmmzzss",X52,IF(MID(W39,5,9)="zzsszzmmm",X42,IF(MID(W39,5,9)="zzmmmsszz",X50,IF(MID(W39,5,9)="zzsszsmmm",X42,IF(MID(W39,5,9)="mmmzzsszs",X44,IF(MID(W39,5,9)="mmmzszzss",X52,IF(MID(W39,5,9)="sszzszmmm",X42,IF(MID(W39,5,9)="mmmszsszz",X50,IF(MID(W39,5,9)="mmmsszzsz",X43,IF(MID(W39,5,9)="szzsszzss",X52,IF(MID(W39,5,9)="zsszzsszs",X44,IF(MID(W39,5,9)="mzzsszzss",X52,IF(MID(W39,5,9)="msszzsszz",X50,IF(MID(W39,5,9)="zsmmmzzss",X52,IF(MID(W39,5,9)="szmmmsszz",X50,IF(MID(W39,5,9)="zszzssmmm",X42,IF(MID(W39,5,9)="szsszzmmm",X42,IF(MID(W39,5,9)="zsszszzss",X52,IF(MID(W39,5,9)="szzszsszz",X50,IF(MID(W39,5,9)="zsszzsszz",X50,X52)))))))))))))))))))))
A53: 14 | W53: Z | X53: =IF(B53=0,"",B53) | Y53: =IF(AND(ISNUMBER(X53),OR(RIGHT(W39,6)="zszszs",RIGHT(W39,6)="szszsz")),IF(RIGHT(W39,6)="zszszs",X53,IF(RIGHT(W39,6)="szszsz",X54,"")),NA()) -> #N/A
A54: 15 | W54: S | X54: =IF(B54=0,"",B54) | Y54: =IF(AND(ISNUMBER(X54),OR(RIGHT(W39,6)="zszszs",RIGHT(W39,6)="szszsz")),IF(RIGHT(W39,6)="zszszs",X54,IF(RIGHT(W39,6)="szszsz",X53,"")),NA()) -> #N/A
A55: 16 | W55: Z | X55: =IF(B55=0,"",B55) | Y55: =IF(AND(ISNUMBER(X55),OR(RIGHT(W39,6)="zszszs",RIGHT(W39,6)="szszsz")),IF(RIGHT(W39,6)="zszszs",X55,IF(RIGHT(W39,6)="szszsz",X56,"")),NA()) -> #N/A
A56: 17 | W56: S | X56: =IF(B56=0,"",B56) | Y56: =IF(AND(ISNUMBER(X56),OR(RIGHT(W39,6)="zszszs",RIGHT(W39,6)="szszsz")),IF(RIGHT(W39,6)="zszszs",X56,IF(RIGHT(W39,6)="szszsz",X55,"")),NA()) -> #N/A
W57: Z | X57: =IF(B57=0,"",B57) | Y57: =IF(AND(ISNUMBER(X57),OR(RIGHT(W39,6)="zszszs",RIGHT(W39,6)="szszsz")),IF(RIGHT(W39,6)="zszszs",X57,IF(RIGHT(W39,6)="szszsz",X58,"")),NA()) -> #N/A
W58: S | X58: =IF(B58=0,"",B58) | Y58: =IF(AND(ISNUMBER(X58),OR(RIGHT(W39,6)="zszszs",RIGHT(W39,6)="szszsz")),IF(RIGHT(W39,6)="zszszs",X58,IF(RIGHT(W39,6)="szszsz",X57,"")),NA()) -> #N/A
A59: 순서 | B59: DO (mg/L) | W59: 측정순서 | X59: DO
B60: 1회 | X60: 노란테이블에서 가져올 데이터 | Y60: 순서에 맞게 뽑은 데이터
A61: 1 | W61: S | X61: =IF(B61="","",B61) | Y61: =IF(W60="202020303030SSSSSSZZZZZZSSS",X76,IF(W60="303030202020SSSSSSZZZZZZSSS",X79,IF(W60="SSSSSSZZZZZZSSS202020303030",X61,IF(W60="SSSSSSZZZZZZSSS303030202020",X61,IF(W60="SSSZZZZZZSSSSSS202020303030",X67,IF(W60="SSSZZZZZZSSSSSS303030202020",X67,IF(W60="202020303030SSSSSSZZZSSSZZZ",X76,IF(W60="303030202020SSSSSSZZZSSSZZZ",X79,IF(W60="SSSSSSZZZSSSZZZ202020303030",X61,IF(W60="SSSSSSZZZSSSZZZ303030202020",X61,IF(W60="SSSZZZSSSZZZSSS202020303030",X67,IF(W60="SSSZZZSSSZZZSSS303030202020",X67,IF(W60="SSSZZZSSSZZZSSS202020303030",X61,IF(W60="SSSZZZSSSZZZSSS303030202020",X61,IF(W60="202020303030SSSZZZSSSZZZSSS",X76,IF(W60="303030202020SSSZZZSSSZZZSSS",X79,IF(W60="ZZZSSSZZZSSSSSS202020303030",X64,IF(W60="ZZZSSSZZZSSSSSS303030202020",X64,""))))))))))))))))))
A62: 2 | W62: S | X62: =IF(B62="","",B62) | Y62: =IF(W60="202020303030SSSSSSZZZZZZSSS",X77,IF(W60="303030202020SSSSSSZZZZZZSSS",X80,IF(W60="SSSSSSZZZZZZSSS202020303030",X62,IF(W60="SSSSSSZZZZZZSSS303030202020",X62,IF(W60="SSSZZZZZZSSSSSS202020303030",X68,IF(W60="SSSZZZZZZSSSSSS303030202020",X68,IF(W60="202020303030SSSSSSZZZSSSZZZ",X77,IF(W60="303030202020SSSSSSZZZSSSZZZ",X80,IF(W60="SSSSSSZZZSSSZZZ202020303030",X62,IF(W60="SSSSSSZZZSSSZZZ303030202020",X62,IF(W60="SSSZZZSSSZZZSSS202020303030",X68,IF(W60="SSSZZZSSSZZZSSS303030202020",X68,IF(W60="SSSZZZSSSZZZSSS202020303030",X62,IF(W60="SSSZZZSSSZZZSSS303030202020",X62,IF(W60="202020303030SSSZZZSSSZZZSSS",X77,IF(W60="303030202020SSSZZZSSSZZZSSS",X80,IF(W60="ZZZSSSZZZSSSSSS202020303030",X65,IF(W60="ZZZSSSZZZSSSSSS303030202020",X65,""))))))))))))))))))
A63: 3 | W63: S | X63: =IF(B63="","",B63) | Y63: =IF(W60="202020303030SSSSSSZZZZZZSSS",X78,IF(W60="303030202020SSSSSSZZZZZZSSS",X81,IF(W60="SSSSSSZZZZZZSSS202020303030",X63,IF(W60="SSSSSSZZZZZZSSS303030202020",X63,IF(W60="SSSZZZZZZSSSSSS202020303030",X69,IF(W60="SSSZZZZZZSSSSSS303030202020",X69,IF(W60="202020303030SSSSSSZZZSSSZZZ",X78,IF(W60="303030202020SSSSSSZZZSSSZZZ",X81,IF(W60="SSSSSSZZZSSSZZZ202020303030",X63,IF(W60="SSSSSSZZZSSSZZZ303030202020",X63,IF(W60="SSSZZZSSSZZZSSS202020303030",X69,IF(W60="SSSZZZSSSZZZSSS303030202020",X69,IF(W60="SSSZZZSSSZZZSSS202020303030",X63,IF(W60="SSSZZZSSSZZZSSS303030202020",X63,IF(W60="202020303030SSSZZZSSSZZZSSS",X78,IF(W60="303030202020SSSZZZSSSZZZSSS",X81,IF(W60="ZZZSSSZZZSSSSSS202020303030",X66,IF(W60="ZZZSSSZZZSSSSSS303030202020",X66,""))))))))))))))))))
A64: 4 | W64: Z | X64: =IF(B64="","",B64) | Y64: =IF(W60="202020303030SSSSSSZZZZZZSSS",X79,IF(W60="303030202020SSSSSSZZZZZZSSS",X76,IF(W60="SSSSSSZZZZZZSSS202020303030",X67,IF(W60="SSSSSSZZZZZZSSS303030202020",X67,IF(W60="SSSZZZZZZSSSSSS202020303030",X64,IF(W60="SSSZZZZZZSSSSSS303030202020",X64,IF(W60="202020303030SSSSSSZZZSSSZZZ",X79,IF(W60="303030202020SSSSSSZZZSSSZZZ",X76,IF(W60="SSSSSSZZZSSSZZZ202020303030",X67,IF(W60="SSSSSSZZZSSSZZZ303030202020",X67,IF(W60="SSSZZZSSSZZZSSS202020303030",X64,IF(W60="SSSZZZSSSZZZSSS303030202020",X64,IF(W60="SSSZZZSSSZZZSSS202020303030",X64,IF(W60="SSSZZZSSSZZZSSS303030202020",X64,IF(W60="202020303030SSSZZZSSSZZZSSS",X79,IF(W60="303030202020SSSZZZSSSZZZSSS",X76,IF(W60="ZZZSSSZZZSSSSSS202020303030",X67,IF(W60="ZZZSSSZZZSSSSSS303030202020",X67,""))))))))))))))))))
A65: 5 | W65: Z | X65: =IF(B65="","",B65) | Y65: =IF(W60="202020303030SSSSSSZZZZZZSSS",X80,IF(W60="303030202020SSSSSSZZZZZZSSS",X77,IF(W60="SSSSSSZZZZZZSSS202020303030",X68,IF(W60="SSSSSSZZZZZZSSS303030202020",X68,IF(W60="SSSZZZZZZSSSSSS202020303030",X65,IF(W60="SSSZZZZZZSSSSSS303030202020",X65,IF(W60="202020303030SSSSSSZZZSSSZZZ",X80,IF(W60="303030202020SSSSSSZZZSSSZZZ",X77,IF(W60="SSSSSSZZZSSSZZZ202020303030",X68,IF(W60="SSSSSSZZZSSSZZZ303030202020",X68,IF(W60="SSSZZZSSSZZZSSS202020303030",X65,IF(W60="SSSZZZSSSZZZSSS303030202020",X65,IF(W60="SSSZZZSSSZZZSSS202020303030",X65,IF(W60="SSSZZZSSSZZZSSS303030202020",X65,IF(W60="202020303030SSSZZZSSSZZZSSS",X80,IF(W60="303030202020SSSZZZSSSZZZSSS",X77,IF(W60="ZZZSSSZZZSSSSSS202020303030",X68,IF(W60="ZZZSSSZZZSSSSSS303030202020",X68,""))))))))))))))))))
A66: 6 | W66: Z | X66: =IF(B66="","",B66) | Y66: =IF(W60="202020303030SSSSSSZZZZZZSSS",X81,IF(W60="303030202020SSSSSSZZZZZZSSS",X78,IF(W60="SSSSSSZZZZZZSSS202020303030",X69,IF(W60="SSSSSSZZZZZZSSS303030202020",X69,IF(W60="SSSZZZZZZSSSSSS202020303030",X66,IF(W60="SSSZZZZZZSSSSSS303030202020",X66,IF(W60="202020303030SSSSSSZZZSSSZZZ",X81,IF(W60="303030202020SSSSSSZZZSSSZZZ",X78,IF(W60="SSSSSSZZZSSSZZZ202020303030",X69,IF(W60="SSSSSSZZZSSSZZZ303030202020",X69,IF(W60="SSSZZZSSSZZZSSS202020303030",X66,IF(W60="SSSZZZSSSZZZSSS303030202020",X66,IF(W60="SSSZZZSSSZZZSSS202020303030",X66,IF(W60="SSSZZZSSSZZZSSS303030202020",X66,IF(W60="202020303030SSSZZZSSSZZZSSS",X81,IF(W60="303030202020SSSZZZSSSZZZSSS",X78,IF(W60="ZZZSSSZZZSSSSSS202020303030",X69,IF(W60="ZZZSSSZZZSSSSSS303030202020",X69,""))))))))))))))))))
A67: 7 | W67: S | X67: =IF(B67="","",B67) | Y67: =IF(W60="202020303030SSSSSSZZZZZZSSS",X61,IF(W60="303030202020SSSSSSZZZZZZSSS",X61,IF(W60="SSSSSSZZZZZZSSS202020303030",X64,IF(W60="SSSSSSZZZZZZSSS303030202020",X64,IF(W60="SSSZZZZZZSSSSSS202020303030",X70,IF(W60="SSSZZZZZZSSSSSS303030202020",X70,IF(W60="202020303030SSSSSSZZZSSSZZZ",X61,IF(W60="303030202020SSSSSSZZZSSSZZZ",X61,IF(W60="SSSSSSZZZSSSZZZ202020303030",X64,IF(W60="SSSSSSZZZSSSZZZ303030202020",X64,IF(W60="SSSZZZSSSZZZSSS202020303030",X73,IF(W60="SSSZZZSSSZZZSSS303030202020",X73,IF(W60="SSSZZZSSSZZZSSS202020303030",X67,IF(W60="SSSZZZSSSZZZSSS303030202020",X67,IF(W60="202020303030SSSZZZSSSZZZSSS",X61,IF(W60="303030202020SSSZZZSSSZZZSSS",X61,IF(W60="ZZZSSSZZZSSSSSS202020303030",X70,IF(W60="ZZZSSSZZZSSSSSS303030202020",X70,""))))))))))))))))))
A68: 8 | W68: S | X68: =IF(B68="","",B68) | Y68: =IF(W60="202020303030SSSSSSZZZZZZSSS",X62,IF(W60="303030202020SSSSSSZZZZZZSSS",X62,IF(W60="SSSSSSZZZZZZSSS202020303030",X65,IF(W60="SSSSSSZZZZZZSSS303030202020",X65,IF(W60="SSSZZZZZZSSSSSS202020303030",X71,IF(W60="SSSZZZZZZSSSSSS303030202020",X71,IF(W60="202020303030SSSSSSZZZSSSZZZ",X62,IF(W60="303030202020SSSSSSZZZSSSZZZ",X62,IF(W60="SSSSSSZZZSSSZZZ202020303030",X65,IF(W60="SSSSSSZZZSSSZZZ303030202020",X65,IF(W60="SSSZZZSSSZZZSSS202020303030",X74,IF(W60="SSSZZZSSSZZZSSS303030202020",X74,IF(W60="SSSZZZSSSZZZSSS202020303030",X68,IF(W60="SSSZZZSSSZZZSSS303030202020",X68,IF(W60="202020303030SSSZZZSSSZZZSSS",X62,IF(W60="303030202020SSSZZZSSSZZZSSS",X62,IF(W60="ZZZSSSZZZSSSSSS202020303030",X71,IF(W60="ZZZSSSZZZSSSSSS303030202020",X71,""))))))))))))))))))
A69: 9 | W69: S | X69: =IF(B69="","",B69) | Y69: =IF(W60="202020303030SSSSSSZZZZZZSSS",X63,IF(W60="303030202020SSSSSSZZZZZZSSS",X63,IF(W60="SSSSSSZZZZZZSSS202020303030",X66,IF(W60="SSSSSSZZZZZZSSS303030202020",X66,IF(W60="SSSZZZZZZSSSSSS202020303030",X72,IF(W60="SSSZZZZZZSSSSSS303030202020",X72,IF(W60="202020303030SSSSSSZZZSSSZZZ",X63,IF(W60="303030202020SSSSSSZZZSSSZZZ",X63,IF(W60="SSSSSSZZZSSSZZZ202020303030",X66,IF(W60="SSSSSSZZZSSSZZZ303030202020",X66,IF(W60="SSSZZZSSSZZZSSS202020303030",X75,IF(W60="SSSZZZSSSZZZSSS303030202020",X75,IF(W60="SSSZZZSSSZZZSSS202020303030",X69,IF(W60="SSSZZZSSSZZZSSS303030202020",X69,IF(W60="202020303030SSSZZZSSSZZZSSS",X63,IF(W60="303030202020SSSZZZSSSZZZSSS",X63,IF(W60="ZZZSSSZZZSSSSSS202020303030",X72,IF(W60="ZZZSSSZZZSSSSSS303030202020",X72,""))))))))))))))))))
A70: 10 | V70: I70 | W70: Z | X70: =IF(B70="","",B70) | Y70: =IF(W60="202020303030SSSSSSZZZZZZSSS",X67,IF(W60="303030202020SSSSSSZZZZZZSSS",X67,IF(W60="SSSSSSZZZZZZSSS202020303030",X70,IF(W60="SSSSSSZZZZZZSSS303030202020",X70,IF(W60="SSSZZZZZZSSSSSS202020303030",X73,IF(W60="SSSZZZZZZSSSSSS303030202020",X73,IF(W60="202020303030SSSSSSZZZSSSZZZ",X67,IF(W60="303030202020SSSSSSZZZSSSZZZ",X67,IF(W60="SSSSSSZZZSSSZZZ202020303030",X73,IF(W60="SSSSSSZZZSSSZZZ303030202020",X73,IF(W60="SSSZZZSSSZZZSSS202020303030",X70,IF(W60="SSSZZZSSSZZZSSS303030202020",X70,IF(W60="SSSZZZSSSZZZSSS202020303030",X70,IF(W60="SSSZZZSSSZZZSSS303030202020",X70,IF(W60="202020303030SSSZZZSSSZZZSSS",X64,IF(W60="303030202020SSSZZZSSSZZZSSS",X64,IF(W60="ZZZSSSZZZSSSSSS202020303030",X73,IF(W60="ZZZSSSZZZSSSSSS303030202020",X73,""))))))))))))))))))
A71: 11 | W71: Z | X71: =IF(B71="","",B71) | Y71: =IF(W60="202020303030SSSSSSZZZZZZSSS",X68,IF(W60="303030202020SSSSSSZZZZZZSSS",X68,IF(W60="SSSSSSZZZZZZSSS202020303030",X71,IF(W60="SSSSSSZZZZZZSSS303030202020",X71,IF(W60="SSSZZZZZZSSSSSS202020303030",X74,IF(W60="SSSZZZZZZSSSSSS303030202020",X74,IF(W60="202020303030SSSSSSZZZSSSZZZ",X68,IF(W60="303030202020SSSSSSZZZSSSZZZ",X68,IF(W60="SSSSSSZZZSSSZZZ202020303030",X74,IF(W60="SSSSSSZZZSSSZZZ303030202020",X74,IF(W60="SSSZZZSSSZZZSSS202020303030",X71,IF(W60="SSSZZZSSSZZZSSS303030202020",X71,IF(W60="SSSZZZSSSZZZSSS202020303030",X71,IF(W60="SSSZZZSSSZZZSSS303030202020",X71,IF(W60="202020303030SSSZZZSSSZZZSSS",X65,IF(W60="303030202020SSSZZZSSSZZZSSS",X65,IF(W60="ZZZSSSZZZSSSSSS202020303030",X74,IF(W60="ZZZSSSZZZSSSSSS303030202020",X74,""))))))))))))))))))
A72: 12 | W72: Z | X72: =IF(B72="","",B72) | Y72: =IF(W60="202020303030SSSSSSZZZZZZSSS",X69,IF(W60="303030202020SSSSSSZZZZZZSSS",X69,IF(W60="SSSSSSZZZZZZSSS202020303030",X72,IF(W60="SSSSSSZZZZZZSSS303030202020",X72,IF(W60="SSSZZZZZZSSSSSS202020303030",X75,IF(W60="SSSZZZZZZSSSSSS303030202020",X75,IF(W60="202020303030SSSSSSZZZSSSZZZ",X69,IF(W60="303030202020SSSSSSZZZSSSZZZ",X69,IF(W60="SSSSSSZZZSSSZZZ202020303030",X75,IF(W60="SSSSSSZZZSSSZZZ303030202020",X75,IF(W60="SSSZZZSSSZZZSSS202020303030",X72,IF(W60="SSSZZZSSSZZZSSS303030202020",X72,IF(W60="SSSZZZSSSZZZSSS202020303030",X72,IF(W60="SSSZZZSSSZZZSSS303030202020",X72,IF(W60="202020303030SSSZZZSSSZZZSSS",X66,IF(W60="303030202020SSSZZZSSSZZZSSS",X66,IF(W60="ZZZSSSZZZSSSSSS202020303030",X75,IF(W60="ZZZSSSZZZSSSSSS303030202020",X75,""))))))))))))))))))
A73: 13 | W73: S | X73: =IF(B73="","",B73) | Y73: =IF(W60="202020303030SSSSSSZZZZZZSSS",X64,IF(W60="303030202020SSSSSSZZZZZZSSS",X64,IF(W60="SSSSSSZZZZZZSSS202020303030",X73,IF(W60="SSSSSSZZZZZZSSS303030202020",X73,IF(W60="SSSZZZZZZSSSSSS202020303030",X61,IF(W60="SSSZZZZZZSSSSSS303030202020",X61,IF(W60="202020303030SSSSSSZZZSSSZZZ",X64,IF(W60="303030202020SSSSSSZZZSSSZZZ",X64,IF(W60="SSSSSSZZZSSSZZZ202020303030",X70,IF(W60="SSSSSSZZZSSSZZZ303030202020",X70,IF(W60="SSSZZZSSSZZZSSS202020303030",X61,IF(W60="SSSZZZSSSZZZSSS303030202020",X61,IF(W60="SSSZZZSSSZZZSSS202020303030",X73,IF(W60="SSSZZZSSSZZZSSS303030202020",X73,IF(W60="202020303030SSSZZZSSSZZZSSS",X67,IF(W60="303030202020SSSZZZSSSZZZSSS",X67,IF(W60="ZZZSSSZZZSSSSSS202020303030",X61,IF(W60="ZZZSSSZZZSSSSSS303030202020",X61,""))))))))))))))))))
A74: 14 | W74: S | X74: =IF(B74="","",B74) | Y74: =IF(W60="202020303030SSSSSSZZZZZZSSS",X65,IF(W60="303030202020SSSSSSZZZZZZSSS",X65,IF(W60="SSSSSSZZZZZZSSS202020303030",X74,IF(W60="SSSSSSZZZZZZSSS303030202020",X74,IF(W60="SSSZZZZZZSSSSSS202020303030",X62,IF(W60="SSSZZZZZZSSSSSS303030202020",X62,IF(W60="202020303030SSSSSSZZZSSSZZZ",X65,IF(W60="303030202020SSSSSSZZZSSSZZZ",X65,IF(W60="SSSSSSZZZSSSZZZ202020303030",X71,IF(W60="SSSSSSZZZSSSZZZ303030202020",X71,IF(W60="SSSZZZSSSZZZSSS202020303030",X62,IF(W60="SSSZZZSSSZZZSSS303030202020",X62,IF(W60="SSSZZZSSSZZZSSS202020303030",X74,IF(W60="SSSZZZSSSZZZSSS303030202020",X74,IF(W60="202020303030SSSZZZSSSZZZSSS",X68,IF(W60="303030202020SSSZZZSSSZZZSSS",X68,IF(W60="ZZZSSSZZZSSSSSS202020303030",X62,IF(W60="ZZZSSSZZZSSSSSS303030202020",X62,""))))))))))))))))))
A75: 15 | W75: S | X75: =IF(B75="","",B75) | Y75: =IF(W60="202020303030SSSSSSZZZZZZSSS",X66,IF(W60="303030202020SSSSSSZZZZZZSSS",X66,IF(W60="SSSSSSZZZZZZSSS202020303030",X75,IF(W60="SSSSSSZZZZZZSSS303030202020",X75,IF(W60="SSSZZZZZZSSSSSS202020303030",X63,IF(W60="SSSZZZZZZSSSSSS303030202020",X63,IF(W60="202020303030SSSSSSZZZSSSZZZ",X66,IF(W60="303030202020SSSSSSZZZSSSZZZ",X66,IF(W60="SSSSSSZZZSSSZZZ202020303030",X72,IF(W60="SSSSSSZZZSSSZZZ303030202020",X72,IF(W60="SSSZZZSSSZZZSSS202020303030",X63,IF(W60="SSSZZZSSSZZZSSS303030202020",X63,IF(W60="SSSZZZSSSZZZSSS202020303030",X75,IF(W60="SSSZZZSSSZZZSSS303030202020",X75,IF(W60="202020303030SSSZZZSSSZZZSSS",X69,IF(W60="303030202020SSSZZZSSSZZZSSS",X69,IF(W60="ZZZSSSZZZSSSSSS202020303030",X63,IF(W60="ZZZSSSZZZSSSSSS303030202020",X63,""))))))))))))))))))
A76: 16 | W76: 20 | X76: =IF(B76="","",B76) | Y76: =IF(W60="202020303030SSSSSSZZZZZZSSS",X70,IF(W60="303030202020SSSSSSZZZZZZSSS",X70,IF(W60="SSSSSSZZZZZZSSS202020303030",X76,IF(W60="SSSSSSZZZZZZSSS303030202020",X79,IF(W60="SSSZZZZZZSSSSSS202020303030",X76,IF(W60="SSSZZZZZZSSSSSS303030202020",X79,IF(W60="202020303030SSSSSSZZZSSSZZZ",X73,IF(W60="303030202020SSSSSSZZZSSSZZZ",X73,IF(W60="SSSSSSZZZSSSZZZ202020303030",X76,IF(W60="SSSSSSZZZSSSZZZ303030202020",X79,IF(W60="SSSZZZSSSZZZSSS202020303030",X76,IF(W60="SSSZZZSSSZZZSSS303030202020",X79,IF(W60="SSSZZZSSSZZZSSS202020303030",X76,IF(W60="SSSZZZSSSZZZSSS303030202020",X79,IF(W60="202020303030SSSZZZSSSZZZSSS",X70,IF(W60="303030202020SSSZZZSSSZZZSSS",X70,IF(W60="ZZZSSSZZZSSSSSS202020303030",X76,IF(W60="ZZZSSSZZZSSSSSS303030202020",X79,""))))))))))))))))))
A77: 17 | W77: 20 | X77: =IF(B77="","",B77) | Y77: =IF(W60="202020303030SSSSSSZZZZZZSSS",X71,IF(W60="303030202020SSSSSSZZZZZZSSS",X71,IF(W60="SSSSSSZZZZZZSSS202020303030",X77,IF(W60="SSSSSSZZZZZZSSS303030202020",X80,IF(W60="SSSZZZZZZSSSSSS202020303030",X77,IF(W60="SSSZZZZZZSSSSSS303030202020",X80,IF(W60="202020303030SSSSSSZZZSSSZZZ",X74,IF(W60="303030202020SSSSSSZZZSSSZZZ",X74,IF(W60="SSSSSSZZZSSSZZZ202020303030",X77,IF(W60="SSSSSSZZZSSSZZZ303030202020",X80,IF(W60="SSSZZZSSSZZZSSS202020303030",X77,IF(W60="SSSZZZSSSZZZSSS303030202020",X80,IF(W60="SSSZZZSSSZZZSSS202020303030",X77,IF(W60="SSSZZZSSSZZZSSS303030202020",X80,IF(W60="202020303030SSSZZZSSSZZZSSS",X71,IF(W60="303030202020SSSZZZSSSZZZSSS",X71,IF(W60="ZZZSSSZZZSSSSSS202020303030",X77,IF(W60="ZZZSSSZZZSSSSSS303030202020",X80,""))))))))))))))))))
A78: 18 | W78: 20 | X78: =IF(B78="","",B78) | Y78: =IF(W60="202020303030SSSSSSZZZZZZSSS",X72,IF(W60="303030202020SSSSSSZZZZZZSSS",X72,IF(W60="SSSSSSZZZZZZSSS202020303030",X78,IF(W60="SSSSSSZZZZZZSSS303030202020",X81,IF(W60="SSSZZZZZZSSSSSS202020303030",X78,IF(W60="SSSZZZZZZSSSSSS303030202020",X81,IF(W60="202020303030SSSSSSZZZSSSZZZ",X75,IF(W60="303030202020SSSSSSZZZSSSZZZ",X75,IF(W60="SSSSSSZZZSSSZZZ202020303030",X78,IF(W60="SSSSSSZZZSSSZZZ303030202020",X81,IF(W60="SSSZZZSSSZZZSSS202020303030",X78,IF(W60="SSSZZZSSSZZZSSS303030202020",X81,IF(W60="SSSZZZSSSZZZSSS202020303030",X78,IF(W60="SSSZZZSSSZZZSSS303030202020",X81,IF(W60="202020303030SSSZZZSSSZZZSSS",X72,IF(W60="303030202020SSSZZZSSSZZZSSS",X72,IF(W60="ZZZSSSZZZSSSSSS202020303030",X78,IF(W60="ZZZSSSZZZSSSSSS303030202020",X81,""))))))))))))))))))
A79: 19 | W79: 30 | X79: =IF(B79="","",B79) | Y79: =IF(W60="202020303030SSSSSSZZZZZZSSS",X73,IF(W60="303030202020SSSSSSZZZZZZSSS",X73,IF(W60="SSSSSSZZZZZZSSS202020303030",X79,IF(W60="SSSSSSZZZZZZSSS303030202020",X76,IF(W60="SSSZZZZZZSSSSSS202020303030",X79,IF(W60="SSSZZZZZZSSSSSS303030202020",X76,IF(W60="202020303030SSSSSSZZZSSSZZZ",X70,IF(W60="303030202020SSSSSSZZZSSSZZZ",X70,IF(W60="SSSSSSZZZSSSZZZ202020303030",X79,IF(W60="SSSSSSZZZSSSZZZ303030202020",X76,IF(W60="SSSZZZSSSZZZSSS202020303030",X79,IF(W60="SSSZZZSSSZZZSSS303030202020",X76,IF(W60="SSSZZZSSSZZZSSS202020303030",X79,IF(W60="SSSZZZSSSZZZSSS303030202020",X76,IF(W60="202020303030SSSZZZSSSZZZSSS",X73,IF(W60="303030202020SSSZZZSSSZZZSSS",X73,IF(W60="ZZZSSSZZZSSSSSS202020303030",X79,IF(W60="ZZZSSSZZZSSSSSS303030202020",X76,""))))))))))))))))))
A80: 20 | W80: 30 | X80: =IF(B80="","",B80) | Y80: =IF(W60="202020303030SSSSSSZZZZZZSSS",X74,IF(W60="303030202020SSSSSSZZZZZZSSS",X74,IF(W60="SSSSSSZZZZZZSSS202020303030",X80,IF(W60="SSSSSSZZZZZZSSS303030202020",X77,IF(W60="SSSZZZZZZSSSSSS202020303030",X80,IF(W60="SSSZZZZZZSSSSSS303030202020",X77,IF(W60="202020303030SSSSSSZZZSSSZZZ",X71,IF(W60="303030202020SSSSSSZZZSSSZZZ",X71,IF(W60="SSSSSSZZZSSSZZZ202020303030",X80,IF(W60="SSSSSSZZZSSSZZZ303030202020",X77,IF(W60="SSSZZZSSSZZZSSS202020303030",X80,IF(W60="SSSZZZSSSZZZSSS303030202020",X77,IF(W60="SSSZZZSSSZZZSSS202020303030",X80,IF(W60="SSSZZZSSSZZZSSS303030202020",X77,IF(W60="202020303030SSSZZZSSSZZZSSS",X74,IF(W60="303030202020SSSZZZSSSZZZSSS",X74,IF(W60="ZZZSSSZZZSSSSSS202020303030",X80,IF(W60="ZZZSSSZZZSSSSSS303030202020",X77,""))))))))))))))))))
A81: 21 | W81: 30 | X81: =IF(B81="","",B81) | Y81: =IF(W60="202020303030SSSSSSZZZZZZSSS",X75,IF(W60="303030202020SSSSSSZZZZZZSSS",X75,IF(W60="SSSSSSZZZZZZSSS202020303030",X81,IF(W60="SSSSSSZZZZZZSSS303030202020",X78,IF(W60="SSSZZZZZZSSSSSS202020303030",X81,IF(W60="SSSZZZZZZSSSSSS303030202020",X78,IF(W60="202020303030SSSSSSZZZSSSZZZ",X72,IF(W60="303030202020SSSSSSZZZSSSZZZ",X72,IF(W60="SSSSSSZZZSSSZZZ202020303030",X81,IF(W60="SSSSSSZZZSSSZZZ303030202020",X78,IF(W60="SSSZZZSSSZZZSSS202020303030",X81,IF(W60="SSSZZZSSSZZZSSS303030202020",X78,IF(W60="SSSZZZSSSZZZSSS202020303030",X81,IF(W60="SSSZZZSSSZZZSSS303030202020",X78,IF(W60="202020303030SSSZZZSSSZZZSSS",X75,IF(W60="303030202020SSSZZZSSSZZZSSS",X75,IF(W60="ZZZSSSZZZSSSSSS202020303030",X81,IF(W60="ZZZSSSZZZSSSSSS303030202020",X78,""))))))))))))))))))
A92: 순서 | B92: TU (NTU)
B93: 1회
A94: 1 | B94: =Sheet4!B7 -> 0
A95: 2 | B95: =Sheet4!B8 -> 0
A96: 3 | B96: =Sheet4!B9 -> 0
A97: 4 | B97: =Sheet4!B10 -> 0
A98: 5
A99: 6 | B99: =Sheet4!B12 -> 0
A100: 7 | B100: =Sheet4!B13 -> 0
A101: 8 | B101: =Sheet4!B14 -> 0
A102: 9 | B102: =Sheet4!B15 -> 0
A103: 10 | B103: =Sheet4!B16 -> 0
A104: 11 | B104: =Sheet4!B18 -> 0
A105: 12 | B105: =Sheet4!B19 -> 0
A106: 13 | B106: =IFERROR((Sheet4!B35& " 초"),"") -> 초
A107: 14 | B107: =IFERROR((Sheet4!D35& " 초"),"") -> 초
A113: 순서 | B113: Cl (mg/L)
B114: 1회
A115: 1 | B115: =Sheet4!F7 -> 0
A116: 2 | B116: =Sheet4!F8 -> 0
A117: 3 | B117: =Sheet4!F9 -> 0
A118: 4 | B118: =Sheet4!F10 -> 0
...

Sheet Sheet4
A1: 먹는물 정도검사 시트 | E1: =Sheet1!R1 -> v 9.0 청정수소인증센터 (2025.02.18)
A3: 탁도 | E3: 잔류염소
A4: O Test Condition
A5: 측정범위 | B5: 0 | C5: ~ | E5: 측정범위 | F5: 0 | G5: ~
A6: O DATA Sheet
A7: Z1 | E7: =A7 -> Z1
A8: Z2 | E8: =A8 -> Z2
A9: S1 | E9: =A9 -> S1
A10: S2 | E10: =A10 -> S2
A11: Z(2hr)
A12: Z3 | E12: =A12 -> Z3
A13: Z4 | E13: =A13 -> Z4
A14: S3 | E14: =A14 -> S3
A15: S4 | E15: =A15 -> S4
A16: Z5 | E16: =A16 -> Z5
A17: 응답시간 (mm) | E17: 응답시간(mm)
A18: S5 | E18: =A18 -> S5
A19: M | E19: =A19 -> M
A20: 탁도 Data | E20: 잔류염소 Data
A21: Z5 | B21: =IF(B16="","",B16) | C21: S5 | D21: =IF(B18="","",B18) | E21: Z5 | F21: =IF(F16="","",F16) | G21: S5 | H21: =IF(F18="","",F18)
A22: =IF(B22=B7,"Z1","Z2") -> Z1 | B22: =IF( OR( ISBLANK(B7), ISBLANK(B8), ISBLANK(B12), ISBLANK(B13), ISBLANK(B16) ), "", IF( OR( STDEV(B7,B12,B16) = MAX(STDEV(B7,B12,B16),STDEV(B8,B13,B16),STDEV(B7,B13,B16),STDEV(B8,B12,B16)), STDEV(B7,B13,B16) = MAX(STDEV(B7,B12,B16),STDEV(B8,B13,B16),STDEV(B7,B13,B16),STDEV(B8,B12,B16)) ), B7, IF( STDEV(B8,B13,B16) = MAX(STDEV(B7,B12,B16),STDEV(B8,B13,B16),STDEV(B7,B13,B16),STDEV(B8,B12,B16)), B8, IF( STDEV(B8,B12,B16) = MAX(STDEV(B7,B12,B16),STDEV(B8,B13,B16),STDEV(B7,B13,B16),STDEV(B8,B12,B16)), B8, "" ) ) ) ) | C22: =IF(D22=B9,"S1","S2") -> S1 | D22: =IF( OR( ISBLANK(B9), ISBLANK(B10), ISBLANK(B14), ISBLANK(B15), ISBLANK(B18) ), "", IF( OR( STDEV(B9,B14,B18) = MAX(STDEV(B9,B14,B18),STDEV(B10,B15,B18),STDEV(B9,B15,B18),STDEV(B10,B14,B18)), STDEV(B9,B15,B18) = MAX(STDEV(B9,B14,B18),STDEV(B10,B15,B18),STDEV(B9,B15,B18),STDEV(B10,B14,B18)) ), B9, IF( STDEV(B10,B15,B18) = MAX(STDEV(B9,B14,B18),STDEV(B10,B15,B18),STDEV(B9,B15,B18),STDEV(B10,B14,B18)), B10, IF( STDEV(B10,B14,B18) = MAX(STDEV(B9,B14,B18),STDEV(B10,B15,B18),STDEV(B9,B15,B18),STDEV(B10,B14,B18)), B10, "" ) ) ) ) | E22: =IF(F22=F7,"Z1","Z2") -> Z1 | F22: =IF( OR( ISBLANK(F7), ISBLANK(F8), ISBLANK(F12), ISBLANK(F13), ISBLANK(F16) ), "", IF( OR( STDEV(F7,F12,F16) = MAX(STDEV(F7,F12,F16),STDEV(F8,F13,F16),STDEV(F7,F13,F16),STDEV(F8,F12,F16)), STDEV(F7,F13,F16) = MAX(STDEV(F7,F12,F16),STDEV(F8,F13,F16),STDEV(F7,F13,F16),STDEV(F8,F12,F16)) ), F7, IF( STDEV(F8,F13,F16) = MAX(STDEV(F7,F12,F16),STDEV(F8,F13,F16),STDEV(F7,F13,F16),STDEV(F8,F12,F16)), F8, IF( STDEV(F8,F12,F16) = MAX(STDEV(F7,F12,F16),STDEV(F8,F13,F16),STDEV(F7,F13,F16),STDEV(F8,F12,F16)), F8, "" ) ) ) ) | G22: =IF(H22=F9,"S1","S2") -> S1 | H22: =IF( OR( ISBLANK(F9), ISBLANK(F10), ISBLANK(F14), ISBLANK(F15), ISBLANK(F18) ), "", IF( MAX( STDEV(F9,F14,F18),STDEV(F10,F15,F18),STDEV(F9,F15,F18),STDEV(F10,F14,F18) ) = STDEV(F9,F14,F18), F9, IF( MAX( STDEV(F9,F14,F18),STDEV(F10,F15,F18),STDEV(F9,F15,F18),STDEV(F10,F14,F18) ) = STDEV(F9,F15,F18), F9, IF( MAX( STDEV(F9,F14,F18),STDEV(F10,F15,F18),STDEV(F9,F15,F18),STDEV(F10,F14,F18) ) = STDEV(F10,F15,F18), F10, IF( MAX( STDEV(F9,F14,F18),STDEV(F10,F15,F18),STDEV(F9,F15,F18),STDEV(F10,F14,F18) ) = STDEV(F10,F14,F18), F10, "" ) ) ) ) )
A23: =IF(B23=B12,"Z3","Z4") -> Z3 | B23: =IF( OR( ISBLANK(B7), ISBLANK(B8), ISBLANK(B12), ISBLANK(B13), ISBLANK(B16) ), "", IF( OR( STDEV(B7,B12,B16) = MAX(STDEV(B7,B12,B16),STDEV(B8,B13,B16),STDEV(B7,B13,B16),STDEV(B8,B12,B16)), STDEV(B8,B12,B16) = MAX(STDEV(B7,B12,B16),STDEV(B8,B13,B16),STDEV(B7,B13,B16),STDEV(B8,B12,B16)) ), B12, IF( STDEV(B7,B13,B16) = MAX(STDEV(B7,B12,B16),STDEV(B8,B13,B16),STDEV(B7,B13,B16),STDEV(B8,B12,B16)), B13, IF( STDEV(B8,B13,B16) = MAX(STDEV(B7,B12,B16),STDEV(B8,B13,B16),STDEV(B7,B13,B16),STDEV(B8,B12,B16)), B13, "" ) ) ) ) | C23: =IF(D23=B14,"S3","S4") -> S3 | D23: =IF( OR( ISBLANK(B9), ISBLANK(B10), ISBLANK(B14), ISBLANK(B15), ISBLANK(B18) ), "", IF( OR( STDEV(B9,B14,B18) = MAX(STDEV(B9,B14,B18),STDEV(B10,B15,B18),STDEV(B9,B15,B18),STDEV(B10,B14,B18)), STDEV(B10,B14,B18) = MAX(STDEV(B9,B14,B18),STDEV(B10,B15,B18),STDEV(B9,B15,B18),STDEV(B10,B14,B18)) ), B14, IF( STDEV(B9,B15,B18) = MAX(STDEV(B9,B14,B18),STDEV(B10,B15,B18),STDEV(B9,B15,B18),STDEV(B10,B14,B18)), B15, IF( STDEV(B10,B15,B18) = MAX(STDEV(B9,B14,B18),STDEV(B10,B15,B18),STDEV(B9,B15,B18),STDEV(B10,B14,B18)), B15, "" ) ) ) ) | E23: =IF(F23=F12,"Z3","Z4") -> Z3 | F23: =IF( OR( ISBLANK(F7), ISBLANK(F8), ISBLANK(F12), ISBLANK(F13), ISBLANK(F16) ), "", IF( MAX( STDEV(F7,F12,F16),STDEV(F8,F13,F16),STDEV(F7,F13,F16),STDEV(F8,F12,F16) ) = STDEV(F7,F12,F16), F12, IF( MAX( STDEV(F7,F12,F16),STDEV(F8,F13,F16),STDEV(F7,F13,F16),STDEV(F8,F12,F16) ) = STDEV(F7,F13,F16), F13, IF( MAX( STDEV(F7,F12,F16),STDEV(F8,F13,F16),STDEV(F7,F13,F16),STDEV(F8,F12,F16) ) = STDEV(F8,F13,F16), F13, IF( MAX( STDEV(F7,F12,F16),STDEV(F8,F13,F16),STDEV(F7,F13,F16),STDEV(F8,F12,F16) ) = STDEV(F8,F12,F16), F12, "" ) ) ) ) ) | G23: =IF(H23=F14,"S3","S4") -> S3 | H23: =IF( OR( ISBLANK(F9), ISBLANK(F10), ISBLANK(F14), ISBLANK(F15), ISBLANK(F18) ), "", IF( MAX( STDEV(F9,F14,F18),STDEV(F10,F15,F18),STDEV(F9,F15,F18),STDEV(F10,F14,F18) ) = STDEV(F9,F14,F18), F14, IF( MAX( STDEV(F9,F14,F18),STDEV(F10,F15,F18),STDEV(F9,F15,F18),STDEV(F10,F14,F18) ) = STDEV(F9,F15,F18), F15, IF( MAX( STDEV(F9,F14,F18),STDEV(F10,F15,F18),STDEV(F9,F15,F18),STDEV(F10,F14,F18) ) = STDEV(F10,F15,F18), F15, IF( MAX( STDEV(F9,F14,F18),STDEV(F10,F15,F18),STDEV(F9,F15,F18),STDEV(F10,F14,F18) ) = STDEV(F10,F14,F18), F14, "" ) ) ) ) )
A24: 반복성 | B24: =IF( OR( COUNTBLANK(B21:B23)>0, COUNTBLANK(D21:D23)>0, D5=0, ISBLANK(D5) ), "", ROUND(MAX(STDEV(B21:B23),STDEV(D21:D23))/D5*100,1) ) | C24: 결 과 | D24: =IF(OR(ISBLANK(B24), NOT(ISNUMBER(B24)), B24>2), "부적합", "적 합") -> 부적합 | E24: 반복성 | F24: =IF(OR(COUNTBLANK(F21:F23)>0, COUNTBLANK(H21:H23)>0, H5=0, H5=""), "", ROUND(MAX(STDEV(F21:F23),STDEV(H21:H23))/H5*100,1)) | G24: 결 과 | H24: =IF(OR(ISBLANK(F24), NOT(ISNUMBER(F24)), F24>2), "부적합", "적 합") -> 부적합
A25: Z1 | B25: =IF(B7="","",B7) | C25: Z2 | D25: =IF(B8="","",B8) | E25: Z1 | F25: =IF(F7="","",F7) | G25: Z2 | H25: =IF(F8="","",F8)
A26: Z3 | B26: =IF(B12="","",B12) | C26: Z4 | D26: =IF(B13="","",B13) | E26: Z3 | F26: =IF(F12="","",F12) | G26: Z4 | H26: =IF(F13="","",F13)
A27: 제로드리프트 | B27: =IF( OR( ISBLANK(B7), ISBLANK(B8), ISBLANK(B12), ISBLANK(B13), ISBLANK(D5), D5 = "" ), "", IFERROR( ROUND(ABS(AVERAGE(B7,B8)-AVERAGE(B12,B13))/D5*100,1), "" ) ) | C27: 결 과 | D27: =IF( OR( ISBLANK(B27), ISTEXT(B27) ), "부적합", IF( B27 <= 3, "적 합", "부적합" ) ) -> 부적합 | E27: 제로드리프트 | F27: =IF( OR( ISBLANK(F7), ISBLANK(F8), ISBLANK(F12), ISBLANK(F13), ISBLANK(H5), H5 = "" ), "", IFERROR( ROUND(ABS(AVERAGE(F7,F8)-AVERAGE(F12,F13))/H5*100,1), "" ) ) | G27: 결 과 | H27: =IF( OR( ISBLANK(F27), ISTEXT(F27) ), "부적합", IF( F27 <= 3, "적 합", "부적합" ) ) -> 부적합
A28: S1 | B28: =IF(B9="","",B9) | C28: S2 | D28: =IF(B10="","",B10) | E28: S1 | F28: =IF(F9="","",F9) | G28: S2 | H28: =IF(F10="","",F10)
A29: S3 | B29: =IF(B14="","",B14) | C29: S4 | D29: =IF(B15="","",B15) | E29: S3 | F29: =IF(F14="","",F14) | G29: S4 | H29: =IF(F15="","",F15)
A30: 스팬드리프트 | B30: =IF( OR( ISBLANK(B9), ISBLANK(B10), ISBLANK(B14), ISBLANK(B15), ISBLANK(D5), D5 = "" ), "", IFERROR( ROUND(ABS(AVERAGE(B9,B10)-AVERAGE(B14,B15))/D5*100,1), "" ) ) | C30: 결 과 | D30: =IF( OR( ISBLANK(B30), ISTEXT(B30), ), "부적합", IF( B30 <= 3, "적 합", "부적합" ) ) -> 부적합 | E30: 스팬드리프트 | F30: =IF( OR( ISBLANK(F9), ISBLANK(F10), ISBLANK(F14), ISBLANK(F15), ISBLANK(H5), H5 = "" ), "", IFERROR( ROUND(ABS(AVERAGE(F9,F10)-AVERAGE(F14,F15))/H5*100,1), "" ) ) | G30: 결 과 | H30: =IF( OR( ISBLANK(F30), ISTEXT(F30) ), "부적합", IF( F30 <= 3, "적 합", "부적합" ) ) -> 부적합
A31: 주입농도값 | B31: =IFERROR(ROUND(IF(B9="","",B9),1)/2,"") | E31: =A31 -> 주입농도값 | F31: =IFERROR(ROUND(IF(F9="","",F9)/2,2),"")
A32: M | B32: =IF(B19="","",B19) | E32: M | F32: =IF(F19="","",F19)
A33: 직선성 | B33: =IF( OR( ISBLANK(B31), ISBLANK(B32), B31 = "", B32 = "" ), "", ROUND(ABS(B31-B32)/B31*100,1) ) | C33: 결 과 | D33: =IF( OR( ISBLANK(B33), B33 = "" ), "부적합", IF( B33 <= 5, "적 합", "부적합" ) ) -> 부적합 | E33: 직선성 | F33: =IF( OR( ISBLANK(F31), ISBLANK(F32), F31 = "", F32 = "" ), "", ROUND(ABS(F31-F32)/F31*100,1) ) | G33: 결 과 | H33: =IF( OR( ISBLANK(F33), F33 = "" ), "부적합", IF( F33 <= 5, "적 합", "부적합" ) ) -> 부적합
A34: (mm) | B34: =IF(B17="","",B17) | E34: (mm) | F34: =IF(F17="","",F17)
A35: 초 | B35: =IFERROR(IF(B17="","",B17*6),"-") | D35: =IF(D17="","",D17) | E35: 초 | F35: =IFERROR(IF(F17="","",F17*6),"-") | H35: =IF(H17="","",H17)
A36: 응답시간 | B36: =IF(B35<>"", B35 & " 초", IF(D35<>"", D35 & " 초", "")) | C36: 결 과 | D36: =IF(B36="시 약 식", "해당 없음", IF(OR(AND(B35<=600, ISNUMBER(B35)), AND(D35<=600, ISNUMBER(D35))), "적 합", "부적합")) -> 부적합 | E36: 응답시간 | F36: =IF(OR(F35="-", H35="-"), "시 약 식", IF(F35<>"", F35 & " 초", "") & IF(H35<>"", H35 & " 초", "")) | G36: 결 과 | H36: =IF(F36="시 약 식", "해당 없음", IF(OR(AND(ISNUMBER(F35), F35<=120), AND(ISNUMBER(H35), H35<=120)), "적 합", "부적합")) -> 부적합

Sheet Sheet5
A1: 국내 여비 | B1: 일비 | C1: 식비 | D1: 숙박비 | E1: 서울특별시 | F1: 광역시 | G1: 그 밖의 지역 | L1: TOC | M1: DO | N1: =H4 -> 421000
B2: 25000 | C2: 25000 | E2: 100000 | F2: 80000 | G2: 70000 | L2: TN | M2: COD | N2: =G4 -> 851000
A3: 항목 | B3: TOC | C3: TN | D3: TP | E3: SS | F3: PH | G3: COD | H3: DO | L3: TP | M3: COD, DO | N3: =G4+H4 -> 1272000
A4: 수수료 | B4: 854000 | C4: 851000 | D4: 851000 | E4: 698000 | F4: 651000 | G4: 851000 | H4: 421000 | L4: SS | M4: PH | N4: =F4 -> 651000
A5: 시험 항목 | B5: 현장 주소 | D5: 특별시/광역시 | E5: 출장 기간 | F5: 출장비 | G5: 수수료 | H5: 총합 | L5: PH | M5: PH, DO | N5: =F4+H4 -> 1072000
D6: =IF(MID(B6,3,3)="광역시","광역시",IF(MID(B6,3,3)="특별시","특별시","그 밖의 지역")) -> 그 밖의 지역 | F6: =IF(AND(E6="1박 2일",D6="특별시")=TRUE,B10,IF(AND(E6="2박 3일",D6="특별시")=TRUE,C10,IF(AND(E6="3박 4일",D6="특별시")=TRUE,D10,IF(AND(E6="4박 5일",D6="특별시")=TRUE,E10,IF(AND(E6="1박 2일",D6="광역시")=TRUE,B13,IF(AND(E6="2박 3일",D6="광역시")=TRUE,C13,IF(AND(E6="3박 4일",D6="광역시")=TRUE,D13,IF(AND(E6="4박 5일",D6="광역시")=TRUE,E13,IF(AND(E6="1박 2일",D6="그 밖의 지역")=TRUE,B16,IF(AND(E6="2박 3일",D6="그 밖의 지역")=TRUE,C16,IF(AND(E6="3박 4일",D6="그 밖의 지역")=TRUE,D16,IF(AND(E6="4박 5일",D6="그 밖의 지역")=TRUE,E16,IF(E6="1일",A10,0))))))))))))) -> 0 | G6: =VLOOKUP(A6,M1:N132,2,FALSE) -> #N/A | H6: =(F6+G6)*1.1 -> #N/A | L6: COD | M6: PH, COD | N6: =SUM(F4,G4) -> 1502000
L7: DO | M7: PH, COD, DO | N7: =F4+G4+H4 -> 1923000
A8: 서울특별시 | M8: SS | N8: =E4 -> 698000
A9: 1일 | B9: 1박 2일 | C9: 2박 3일 | D9: 3박 4일 | E9: 4박 5일 | M9: SS, DO | N9: =E4+H4 -> 1119000
A10: 50000 | B10: =E2+(2*(B2+C2)) -> 200000 | C10: =(2*E2)+(3*(B2+C2)) -> 350000 | D10: =(3*E2)+(4*(B2+C2)) -> 500000 | E10: =(4*E2)+(5*(B2+C2)) -> 650000 | M10: SS, COD | N10: =E4+G4 -> 1549000
A11: 광역시 | M11: SS, COD, DO | N11: =E4+G4+H4 -> 1970000
A12: 1일 | B12: 1박 2일 | C12: 2박 3일 | D12: 3박 4일 | E12: 4박 5일 | M12: SS, PH | N12: =E4+F4 -> 1349000
A13: 50000 | B13: =F2+(2*(B2+C2)) -> 180000 | C13: =(2*F2)+(3*(B2+C2)) -> 310000 | D13: =(3*F2)+(4*(B2+C2)) -> 440000 | E13: =(4*F2)+(5*(B2+C2)) -> 570000 | M13: SS, PH, DO | N13: =E4+F4+H4 -> 1770000
A14: 그 밖의 지역 | M14: SS, PH, COD | N14: =E4+F4+G4 -> 2200000
A15: 1일 | B15: 1박 2일 | C15: 2박 3일 | D15: 3박 4일 | E15: 4박 5일 | M15: SS, PH, COD, DO | N15: =E4+F4+G4+H4 -> 2621000
A16: 50000 | B16: =G2+(2*(B2+C2)) -> 170000 | C16: =(2*G2)+(3*(B2+C2)) -> 290000 | D16: =(3*G2)+(4*(B2+C2)) -> 410000 | E16: =(4*G2)+(5*(B2+C2)) -> 530000 | M16: TP | N16: =D4 -> 851000
A17: (1)수수료 계산 | B17: (2)수수료 계산 | C17: (3)수수료 계산 | D17: (4)수수료 계산 | E17: 총 합계 수수료 | M17: TP, DO | N17: =D4+H4 -> 1272000
E18: =SUM(A18:D18) -> 0 | M18: TP, COD | N18: =D4+G4 -> 1702000
A19: 항목 | B19: 탁도 | C19: 잔류염소 | D19: 탁도/잔류염소 | M19: TP, COD, DO | N19: =D4+G4+H4 -> 2123000
A20: 수수료 | B20: 497000 | C20: 499000 | D20: 996000 | M20: TP, PH | N20: =D4+F4 -> 1502000
A21: 시험 항목 | B21: 건수 | C21: 현장 주소 | D21: 특별시/광역시 | E21: 출장 기간 | F21: 출장비 | G21: 수수료 | H21: 총합 | M21: TP, PH, DO | N21: =D4+F4+H4 -> 1923000
A22: TU | D22: =IF(MID(C22,3,3)="광역시","광역시",IF(MID(C22,3,3)="특별시","특별시","그 밖의 지역")) -> 그 밖의 지역 | F22: =IF(AND(E22="1박 2일",D22="특별시")=TRUE,B10,IF(AND(E22="2박 3일",D22="특별시")=TRUE,C10,IF(AND(E22="3박 4일",D22="특별시")=TRUE,D10,IF(AND(E22="4박 5일",D22="특별시")=TRUE,E10,IF(AND(E22="1박 2일",D22="광역시")=TRUE,B13,IF(AND(E22="2박 3일",D22="광역시")=TRUE,C13,IF(AND(E22="3박 4일",D22="광역시")=TRUE,D13,IF(AND(E22="4박 5일",D22="광역시")=TRUE,E13,IF(AND(E22="1박 2일",D22="그 밖의 지역")=TRUE,B16,IF(AND(E22="2박 3일",D22="그 밖의 지역")=TRUE,C16,IF(AND(E22="3박 4일",D22="그 밖의 지역")=TRUE,D16,IF(AND(E22="4박 5일",D22="그 밖의 지역")=TRUE,E16,IF(E22="1일",A10,0))))))))))))) -> 0 | G22: =IF(A22="TU",B20*B22,IF(A22="TU/Cl",D20*B22,C20*B22)) -> 0 | H22: =(F22+G22)*1.1 -> 0 | M22: TP, PH, COD | N22: =D4+F4+G4 -> 2353000
A23: Cl | D23: =IF(MID(C22,3,3)="광역시","광역시",IF(MID(C22,3,3)="특별시","특별시","그 밖의 지역")) -> 그 밖의 지역 | F23: =IF(AND(E23="1박 2일",D23="특별시")=TRUE,B10,IF(AND(E23="2박 3일",D23="특별시")=TRUE,C10,IF(AND(E23="3박 4일",D23="특별시")=TRUE,D10,IF(AND(E23="4박 5일",D23="특별시")=TRUE,E10,IF(AND(E23="1박 2일",D23="광역시")=TRUE,B13,IF(AND(E23="2박 3일",D23="광역시")=TRUE,C13,IF(AND(E23="3박 4일",D23="광역시")=TRUE,D13,IF(AND(E23="4박 5일",D23="광역시")=TRUE,E13,IF(AND(E23="1박 2일",D23="그 밖의 지역")=TRUE,B16,IF(AND(E23="2박 3일",D23="그 밖의 지역")=TRUE,C16,IF(AND(E23="3박 4일",D23="그 밖의 지역")=TRUE,D16,IF(AND(E23="4박 5일",D23="그 밖의 지역")=TRUE,E16,IF(E23="1일",A10,0))))))))))))) -> 0 | G23: =IF(A23="TU",B20*B23,IF(A23="TU/Cl",D20*B23,C20*B23)) -> 0 | H23: =(F23+G23)*1.1 -> 0
A24: TU/Cl | D24: =IF(MID(C22,3,3)="광역시","광역시",IF(MID(C22,3,3)="특별시","특별시","그 밖의 지역")) -> 그 밖의 지역 | F24: =IF(AND(E24="1박 2일",D24="특별시")=TRUE,B10,IF(AND(E24="2박 3일",D24="특별시")=TRUE,C10,IF(AND(E24="3박 4일",D24="특별시")=TRUE,D10,IF(AND(E24="4박 5일",D24="특별시")=TRUE,E10,IF(AND(E24="1박 2일",D24="광역시")=TRUE,B13,IF(AND(E24="2박 3일",D24="광역시")=TRUE,C13,IF(AND(E24="3박 4일",D24="광역시")=TRUE,D13,IF(AND(E24="4박 5일",D24="광역시")=TRUE,E13,IF(AND(E24="1박 2일",D24="그 밖의 지역")=TRUE,B16,IF(AND(E24="2박 3일",D24="그 밖의 지역")=TRUE,C16,IF(AND(E24="3박 4일",D24="그 밖의 지역")=TRUE,D16,IF(AND(E24="4박 5일",D24="그 밖의 지역")=TRUE,E16,IF(E24="1일",A10,0))))))))))))) -> 0 | G24: =IF(A24="TU",B20*B24,IF(A24="TU/Cl",D20*B24,C20*B24)) -> 0 | H24: =(F24+G24)*1.1 -> 0
D25: =IF(MID(C22,3,3)="광역시","광역시",IF(MID(C22,3,3)="특별시","특별시","그 밖의 지역")) -> 그 밖의 지역 | F25: =IF(AND(E25="1박 2일",D25="특별시")=TRUE,B10,IF(AND(E25="2박 3일",D25="특별시")=TRUE,C10,IF(AND(E25="3박 4일",D25="특별시")=TRUE,D10,IF(AND(E25="4박 5일",D25="특별시")=TRUE,E10,IF(AND(E25="1박 2일",D25="광역시")=TRUE,B13,IF(AND(E25="2박 3일",D25="광역시")=TRUE,C13,IF(AND(E25="3박 4일",D25="광역시")=TRUE,D13,IF(AND(E25="4박 5일",D25="광역시")=TRUE,E13,IF(AND(E25="1박 2일",D25="그 밖의 지역")=TRUE,B16,IF(AND(E25="2박 3일",D25="그 밖의 지역")=TRUE,C16,IF(AND(E25="3박 4일",D25="그 밖의 지역")=TRUE,D16,IF(AND(E25="4박 5일",D25="그 밖의 지역")=TRUE,E16,IF(E25="1일",A10,0))))))))))))) -> 0 | H25: 총 합계 수수료
D26: =IF(MID(C22,3,3)="광역시","광역시",IF(MID(C22,3,3)="특별시","특별시","그 밖의 지역")) -> 그 밖의 지역 | F26: =IF(AND(E26="1박 2일",D26="특별시")=TRUE,B10,IF(AND(E26="2박 3일",D26="특별시")=TRUE,C10,IF(AND(E26="3박 4일",D26="특별시")=TRUE,D10,IF(AND(E26="4박 5일",D26="특별시")=TRUE,E10,IF(AND(E26="1박 2일",D26="광역시")=TRUE,B13,IF(AND(E26="2박 3일",D26="광역시")=TRUE,C13,IF(AND(E26="3박 4일",D26="광역시")=TRUE,D13,IF(AND(E26="4박 5일",D26="광역시")=TRUE,E13,IF(AND(E26="1박 2일",D26="그 밖의 지역")=TRUE,B16,IF(AND(E26="2박 3일",D26="그 밖의 지역")=TRUE,C16,IF(AND(E26="3박 4일",D26="그 밖의 지역")=TRUE,D16,IF(AND(E26="4박 5일",D26="그 밖의 지역")=TRUE,E16,IF(E26="1일",A10,0))))))))))))) -> 0 | H26: =H22+H23+H24+((F25+F26)*1.1) -> 0
M28: TP, PH, COD, DO | N28: =D4+F4+G4+H4 -> 2774000
M29: TP, SS | N29: =D4+E4 -> 1549000
M30: TP, SS, DO | N30: =D4+E4+H4 -> 1970000
M31: TP, SS, COD | N31: =D4+E4+G4 -> 2400000
M32: TP, SS, COD, DO | N32: =D4+E4+G4+H4 -> 2821000
M33: TP, SS, PH | N33: =D4+E4+F4 -> 2200000
M34: TP, SS, PH, DO | N34: =D4+E4+F4+H4 -> 2621000
M35: TP, SS, PH, COD | N35: =D4+E4+F4+G4 -> 3051000
M36: TP, SS, PH, COD, DO | N36: =N35+H4 -> 3472000
M37: TN | N37: =C4 -> 851000
M38: TN, DO | N38: =C4+H4 -> 1272000
M39: TN, COD | N39: =C4+G4 -> 1702000
M40: TN, COD, DO | N40: =C4+G4+H4 -> 2123000
M41: TN, PH | N41: =C4+F4 -> 1502000
M42: TN, PH, DO | N42: =N41+H4 -> 1923000
M43: TN, PH, COD | N43: =N41+G4 -> 2353000
M44: TN, PH, COD, DO | N44: =N43+H4 -> 2774000
M45: TN, SS | N45: =C4+E4 -> 1549000
M46: TN, SS, DO | N46: =N45+H4 -> 1970000
M47: TN, SS, COD | N47: =N45+G4 -> 2400000
M48: TN, SS, COD, DO | N48: =N47+H4 -> 2821000
M49: TN, SS, PH | N49: =C4+E4+F4 -> 2200000
M50: TN, SS, PH, DO | N50: =N49+H4 -> 2621000
M51: TN, SS, PH, COD | N51: =N49+G4 -> 3051000
M52: TN, SS, PH, COD, DO | N52: =N51+H4 -> 3472000
M53: TN, TP | N53: =C4+D4 -> 1702000
M54: TN, TP, DO | N54: =N53+H4 -> 2123000
M55: TN, TP, COD | N55: =N53+G4 -> 2553000
M56: TN, TP, COD, DO | N56: =N55+H4 -> 2974000
M57: TN, TP, PH | N57: =N53+F4 -> 2353000
M58: TN, TP, PH, DO | N58: =N57+H4 -> 2774000
M59: TN, TP, PH, COD | N59: =N57+G4 -> 3204000
M60: TN, TP, PH, COD, DO | N60: =N59+H4 -> 3625000
M61: TN, TP, SS | N61: =C4+D4+E4 -> 2400000
M62: TN, TP, SS, DO | N62: =N61+H4 -> 2821000
M63: TN, TP, SS, COD | N63: =N61+G4 -> 3251000
M64: TN, TP, SS, COD, DO | N64: =N63+H4 -> 3672000
M65: TN, TP, SS, PH | N65: =N61+F4 -> 3051000
M66: TN, TP, SS, PH, DO | N66: =N65+H4 -> 3472000
M67: TN, TP, SS, PH, COD | N67: =N65+G4 -> 3902000
M68: TN, TP, SS, PH, COD, DO | N68: =N67+H4 -> 4323000
M69: TOC | N69: =B4 -> 854000
M70: TOC, DO | N70: =N69+H4 -> 1275000
M71: TOC, COD | N71: =N69+G4 -> 1705000
M72: TOC, COD, DO | N72: =N71+H4 -> 2126000
M73: TOC, PH | N73: =B4+F4 -> 1505000
M74: TOC, PH, DO | N74: =N73+H4 -> 1926000
M75: TOC, PH, COD | N75: =N73+G4 -> 2356000
M76: TOC, PH, COD, DO | N76: =N75+H4 -> 2777000
M77: TOC, SS | N77: =B4+E4 -> 1552000
M78: TOC, SS, DO | N78: =N77+H4 -> 1973000
M79: TOC, SS, COD | N79: =N77+G4 -> 2403000
M80: TOC, SS, COD, DO | N80: =N79+H4 -> 2824000
M81: TOC, SS, PH | N81: =N77+F4 -> 2203000
M82: TOC, SS, PH, DO | N82: =N81+H4 -> 2624000
M83: TOC, SS, PH, COD | N83: =N81+G4 -> 3054000
M84: TOC, SS, PH, COD, DO | N84: =N83+H4 -> 3475000
M85: TOC, TP | N85: =B4+D4 -> 1705000
M86: TOC, TP, DO | N86: =N85+H4 -> 2126000
M87: TOC, TP, COD | N87: =N85+G4 -> 2556000
M88: TOC, TP, COD, DO | N88: =N87+H4 -> 2977000
M89: TOC, TP, PH | N89: =N85+F4 -> 2356000
M90: TOC, TP, PH, DO | N90: =N89+H4 -> 2777000
M91: TOC, TP, PH, COD | N91: =N89+G4 -> 3207000
M92: TOC, TP, PH, COD, DO | N92: =N91+H4 -> 3628000
M93: TOC, TP, SS | N93: =B4+D4+E4 -> 2403000
M94: TOC, TP, SS, DO | N94: =N93+H4 -> 2824000
M95: TOC, TP, SS, COD | N95: =N93+G4 -> 3254000
M96: TOC, TP, SS, COD, DO | N96: =N95+H4 -> 3675000
M97: TOC, TP, SS, PH | N97: =N93+F4 -> 3054000
M98: TOC, TP, SS, PH, DO | N98: =N97+H4 -> 3475000
M99: TOC, TP, SS, PH, COD | N99: =N97+G4 -> 3905000
M100: TOC, TP, SS, PH, COD, DO | N100: =N99+H4 -> 4326000
M101: TOC, TN | N101: =B4+C4 -> 1705000
...

Sheet Sheet6
A1: 간이측정기 시트 v 8.0 (2025.02.18)
D3: =IF(D5="수소이온농도 측정용 간이측정기 성능인증", "수소이온농도 간이측정기", IF(D5="용존산소 측정용 간이측정기 성능인증", "용존산소 간이측정기", IF(D5="탁도 측정용 간이측정기 성능인증", "탁도 간이측정기", IF(D5="잔류염소 측정용 간이측정기 성능인증", "잔류염소 간이측정기", ""))))
A6: O Test Condition
A7: 측정범위 | D7: 0 | F7: ~ | H7: 14
A8: =IF(D3="수소이온농도 간이측정기", "pH", "") | B8: =IF(D3="용존산소 간이측정기", "mg/L", IF(D3="잔류염소 간이측정기", "mg/L", IF(D3="탁도 간이측정기", "NTU", ""))) | D8: =IF(D3="수소이온농도 간이측정기","pH 사용표준용액", IF(D3="용존산소 간이측정기","수질오염공정시험기준 표2. 용존산소포화량", IF(OR(D3="탁도 간이측정기",D3="잔류염소 간이측정기"),"사용표준용액","")))
D9: =IF(D3="수소이온농도 간이측정기","pH 4.01", IF(D3="용존산소 간이측정기","10 ℃", IF(D3="탁도 간이측정기","30 %", IF(D3="잔류염소 간이측정기","30 %","")))) | E9: =IF(D3="수소이온농도 간이측정기", 4, IF(D3="용존산소 간이측정기", 11.288, IF(OR(D3="탁도 간이측정기", D3="잔류염소 간이측정기"), H7*0.3, ""))) | F9: =IF(D3="수소이온농도 간이측정기","7.00", IF(D3="용존산소 간이측정기","20 ℃", IF(D3="탁도 간이측정기","50 %", IF(D3="잔류염소 간이측정기","50 %","")))) | G9: =IF(D3="수소이온농도 간이측정기", 7.02, IF(D3="용존산소 간이측정기", 9.0292, IF(OR(D3="탁도 간이측정기", D3="잔류염소 간이측정기"), H7*0.5, ""))) | H9: =IF(D3="수소이온농도 간이측정기","10.01", IF(D3="용존산소 간이측정기","30 ℃", IF(D3="탁도 간이측정기","80 %", IF(D3="잔류염소 간이측정기","80 %","")))) | I9: =IF(D3="수소이온농도 간이측정기", 10.06, IF(D3="용존산소 간이측정기", 7.559, IF(OR(D3="탁도 간이측정기", D3="잔류염소 간이측정기"), H7*0.8, "")))
A10: O DATA Sheet
A11: 실내시험 | D11: 기준데이터 | G11: Ⅰ | H11: Ⅱ | I11: Ⅲ
D12: =IF(D3="수소이온농도 간이측정기", TEXT(E9, "0.000"), IF(OR(D3="용존산소 간이측정기", D3="탁도 간이측정기", D3="잔류염소 간이측정기"), D9 & " (" & TEXT(E9, "0.000") & ")", ""))
D13: =IF(D3="수소이온농도 간이측정기", TEXT(G9, "0.000"), IF(OR(D3="용존산소 간이측정기", D3="탁도 간이측정기", D3="잔류염소 간이측정기"), F9 & " (" & TEXT(G9, "0.000") & ")", ""))
D14: =IF(D3="수소이온농도 간이측정기", TEXT(I9, "0.000"), IF(OR(D3="용존산소 간이측정기", D3="탁도 간이측정기", D3="잔류염소 간이측정기"), H9 & " (" & TEXT(I9, "0.000") & ")", ""))
D15: =IF(D3="수소이온농도 간이측정기", TEXT(I9, "0.000"), IF(OR(D3="용존산소 간이측정기", D3="탁도 간이측정기", D3="잔류염소 간이측정기"), H9 & " (" & TEXT(I9, "0.000") & ")", ""))
D16: =IF(D3="수소이온농도 간이측정기", TEXT(G9, "0.000"), IF(OR(D3="용존산소 간이측정기", D3="탁도 간이측정기", D3="잔류염소 간이측정기"), F9 & " (" & TEXT(G9, "0.000") & ")", ""))
D17: =IF(D3="수소이온농도 간이측정기", TEXT(E9, "0.000"), IF(OR(D3="용존산소 간이측정기", D3="탁도 간이측정기", D3="잔류염소 간이측정기"), D9 & " (" & TEXT(E9, "0.000") & ")", ""))
D18: =IF(D3="수소이온농도 간이측정기", TEXT(E9, "0.000"), IF(OR(D3="용존산소 간이측정기", D3="탁도 간이측정기", D3="잔류염소 간이측정기"), D9 & " (" & TEXT(E9, "0.000") & ")", ""))
D19: =IF(D3="수소이온농도 간이측정기", TEXT(G9, "0.000"), IF(OR(D3="용존산소 간이측정기", D3="탁도 간이측정기", D3="잔류염소 간이측정기"), F9 & " (" & TEXT(G9, "0.000") & ")", ""))
D20: =IF(D3="수소이온농도 간이측정기", TEXT(I9, "0.000"), IF(OR(D3="용존산소 간이측정기", D3="탁도 간이측정기", D3="잔류염소 간이측정기"), H9 & " (" & TEXT(I9, "0.000") & ")", ""))
A21: 실외시험 | C21: 1회차
C22: 2회차
C23: 3회차
C24: 4회차
C25: 5회차
C26: 6회차
C27: 7회차
C28: 8회차
C29: 9회차
C30: 10회차
C31: 11회차
C32: 12회차
C33: 13회차
... C40: 20회차
A41: 시험항목 계산 | D41: 반복성 | G41: =IFERROR(ROUND(MAX(STDEV(G12,G17,G18),STDEV(H12,H17,H18), STDEV(I12,I17,I18)),2),"")
G42: =IF(AND(G41<=0.2, ISNUMBER(G41)),"1등급","등급외") -> 등급외
D43: 직선성 | G43: =IFERROR(ROUND(MAX(ABS($E$9-AVERAGE(G12,G17,G18)),ABS($G$9-AVERAGE(G13,G16,G19)),ABS($I$9-AVERAGE(G14,G15,G20)),ABS($E$9-AVERAGE(H12,H17,H18)),ABS($G$9-AVERAGE(H13,H16,H19)),ABS($I$9-AVERAGE(H14,H15,H20)),ABS($E$9-AVERAGE(I12,I17,I18)),ABS($G$9-AVERAGE(I13,I16,I19)),ABS($I$9-AVERAGE(I14,I15,I20))),2),"")
G44: =IF(AND(G43<=0.2, ISNUMBER(G43)),"1등급","등급외") -> 등급외
D45: 상대정확도 | G45: =IFERROR(ROUND(SUM((ABS(G21-D21)/D21),(ABS(G22-D22)/D22),(ABS(G23-D23)/D23),(ABS(G24-D24)/D24),(ABS(G25-D25)/D25),(ABS(G26-D26)/D26),(ABS(G27-D27)/D27),(ABS(G28-D28)/D28),(ABS(G29-D29)/D29),(ABS(G30-D30)/D30),(ABS(G31-D31)/D31),(ABS(G32-D32)/D32),(ABS(G33-D33)/D33),(ABS(G34-D34)/D34),(ABS(G35-D35)/D35),(ABS(G36-D36)/D36),(ABS(G37-D37)/D37),(ABS(G38-D38)/D38),(ABS(G39-D39)/D39),(ABS(G40-D40)/D40))/20*100,2),"") | H45: =IFERROR(ROUND(SUM((ABS(H21-D21)/D21),(ABS(H22-D22)/D22),(ABS(H23-D23)/D23),(ABS(H24-D24)/D24),(ABS(H25-D25)/D25),(ABS(H26-D26)/D26),(ABS(H27-D27)/D27),(ABS(H28-D28)/D28),(ABS(H29-D29)/D29),(ABS(H30-D30)/D30),(ABS(H31-D31)/D31),(ABS(H32-D32)/D32),(ABS(H33-D33)/D33),(ABS(H34-D34)/D34),(ABS(H35-D35)/D35),(ABS(H36-D36)/D36),(ABS(H37-D37)/D37),(ABS(H38-D38)/D38),(ABS(H39-D39)/D39),(ABS(H40-D40)/D40))/20*100,2),"") | I45: =IFERROR(ROUND(SUM((ABS(I21-D21)/D21),(ABS(I22-D22)/D22),(ABS(I23-D23)/D23),(ABS(I24-D24)/D24),(ABS(I25-D25)/D25),(ABS(I26-D26)/D26),(ABS(I27-D27)/D27),(ABS(I28-D28)/D28),(ABS(I29-D29)/D29),(ABS(I30-D30)/D30),(ABS(I31-D31)/D31),(ABS(I32-D32)/D32),(ABS(I33-D33)/D33),(ABS(I34-D34)/D34),(ABS(I35-D35)/D35),(ABS(I36-D36)/D36),(ABS(I37-D37)/D37),(ABS(I38-D38)/D38),(ABS(I39-D39)/D39),(ABS(I40-D40)/D40))/20*100,2),"")
G46: =IFERROR(ROUND(MAX(G45,H45,I45),1),"") -> 0
G47: =IF(AND(G46<=20, ISNUMBER(G46)),"1등급","등급외") -> 1등급
A48: 성능인증 종합 결과(등급) | D48: =IF(AND(G42="1등급",G44="1등급",G47="1등급"),"1등급","등급 외") -> 등급 외
A49: C : 0.1N 티오황산나트륨 용액의 사용량 (mL) | G49: =IF(F51=0, "", ((F49*F50*0.003545)/F51)*(250/25)*100)
A50: fi : 0.1N 티오황산나트륨 용액의 규정도 계수
A51: S:시료의 질량 (g)
